latitude,longitude,brightness,scan,track,acq_date,acq_time,satellite,instrument,confidence,version,bright_t31,frp,daynight
33.85331,-118.33457,299.56,0.34,0.56,2025-02-01,0858,N20,VIIRS,n,2.0NRT,277.68,0.99,N
34.42955,-118.64801,299.43,0.36,0.58,2025-02-01,0858,N20,VIIRS,n,2.0NRT,273.38,0.7,N
34.29366,-118.80491,300.76,0.37,0.58,2025-02-01,0858,N20,VIIRS,n,2.0NRT,273.36,0.5,N
34.15646,-118.19656,300.92,0.34,0.56,2025-02-01,0858,N20,VIIRS,n,2.0NRT,272.16,0.53,N
34.15508,-118.19669,301.71,0.34,0.56,2025-02-01,0858,N20,VIIRS,n,2.0NRT,272.43,0.54,N
33.85406,-118.33588,295.8,0.34,0.56,2025-02-01,0858,N20,VIIRS,n,2.0NRT,277.32,1.14,N
34.33683,-118.52114,300.71,0.36,0.57,2025-02-01,0858,N20,VIIRS,n,2.0NRT,274.34,0.63,N
34.33811,-118.52226,298.41,0.63,0.54,2025-02-02,1019,N20,VIIRS,n,2.0NRT,283.15,1.25,N
34.15238,-118.19505,308.46,0.33,0.55,2025-02-02,1019,N20,VIIRS,n,2.0NRT,282.17,0.95,N
34.29412,-118.80166,295.23,0.61,0.53,2025-02-02,1019,N20,VIIRS,n,2.0NRT,281.22,0.75,N
33.716,-117.71179,299.59,0.36,0.57,2025-02-02,1019,N20,VIIRS,n,2.0NRT,282.9,0.49,N
34.24247,-118.38405,295.27,0.54,0.42,2025-02-03,1002,N20,VIIRS,n,2.0NRT,280.83,0.48,N
33.61287,-117.82507,303,0.39,0.44,2025-02-03,1002,N20,VIIRS,n,2.0NRT,277.81,0.8,N
34.42907,-118.64359,309.97,0.52,0.42,2025-02-03,1002,N20,VIIRS,n,2.0NRT,279.07,0.92,N
34.33405,-118.52139,304.35,0.53,0.42,2025-02-03,1002,N20,VIIRS,n,2.0NRT,281.54,1.04,N
34.04165,-117.82408,295.22,0.39,0.44,2025-02-03,1002,N20,VIIRS,n,2.0NRT,283.31,0.42,N
34.15366,-118.19066,308.38,0.55,0.43,2025-02-03,1002,N20,VIIRS,n,2.0NRT,283.92,1.63,N
34.29121,-118.8017,306.54,0.51,0.41,2025-02-03,1002,N20,VIIRS,n,2.0NRT,279.87,1.42,N
34.29122,-118.80117,312.06,0.51,0.41,2025-02-03,1002,N20,VIIRS,n,2.0NRT,279.87,1.51,N
34.32047,-118.51311,295.44,0.53,0.42,2025-02-03,1002,N20,VIIRS,n,2.0NRT,281.45,0.22,N
33.7165,-117.71231,304.61,0.4,0.44,2025-02-03,1002,N20,VIIRS,n,2.0NRT,281.19,1.1,N
34.24361,-118.38291,301.38,0.39,0.36,2025-02-04,0941,N20,VIIRS,n,2.0NRT,280.42,0.55,N
34.42897,-118.64608,299.34,0.38,0.36,2025-02-04,0941,N20,VIIRS,n,2.0NRT,277.94,0.53,N
34.43225,-118.64533,296.18,0.38,0.36,2025-02-04,0941,N20,VIIRS,n,2.0NRT,278.97,0.53,N
34.33395,-118.52087,308.31,0.38,0.36,2025-02-04,0941,N20,VIIRS,n,2.0NRT,280.37,1.05,N
34.31884,-118.51149,295.85,0.38,0.36,2025-02-04,0941,N20,VIIRS,n,2.0NRT,280.54,0.37,N
34.03677,-117.89449,295.34,0.39,0.36,2025-02-04,0943,N20,VIIRS,n,2.0NRT,276.83,0.56,N
33.61508,-117.82385,307.9,0.39,0.36,2025-02-04,0943,N20,VIIRS,n,2.0NRT,281.53,1.08,N
34.03607,-117.8903,301.91,0.39,0.36,2025-02-04,0943,N20,VIIRS,n,2.0NRT,278.45,0.56,N
34.04205,-117.82349,298.47,0.39,0.36,2025-02-04,0943,N20,VIIRS,n,2.0NRT,281.7,0.51,N
34.33564,-118.51858,307.36,0.42,0.45,2025-02-08,1008,N20,VIIRS,n,2.0NRT,273.7,1.03,N
34.15377,-118.19138,304.03,0.44,0.46,2025-02-08,1008,N20,VIIRS,n,2.0NRT,274.47,1.54,N
34.43122,-118.64286,302.52,0.41,0.45,2025-02-08,1008,N20,VIIRS,n,2.0NRT,275,0.7,N
34.42915,-118.64371,310.38,0.4,0.37,2025-02-09,0949,N20,VIIRS,n,2.0NRT,277.01,0.63,N
33.61182,-117.82266,299.07,0.43,0.38,2025-02-09,0949,N20,VIIRS,n,2.0NRT,277.16,0.67,N
33.80442,-118.24384,297.07,0.42,0.37,2025-02-09,0949,N20,VIIRS,n,2.0NRT,285.7,0.75,N
33.71585,-117.71151,306.23,0.43,0.38,2025-02-09,0949,N20,VIIRS,n,2.0NRT,280.09,1.16,N
33.81876,-118.24481,297.15,0.42,0.37,2025-02-09,0949,N20,VIIRS,n,2.0NRT,283.64,0.82,N
33.85203,-118.33322,299.58,0.41,0.37,2025-02-09,0949,N20,VIIRS,n,2.0NRT,285.28,0.89,N
33.85541,-118.33236,297.1,0.41,0.37,2025-02-09,0949,N20,VIIRS,n,2.0NRT,285.19,0.89,N
33.907,-118.40392,295.83,0.41,0.37,2025-02-09,0949,N20,VIIRS,n,2.0NRT,283.97,0.72,N
34.03458,-118.10574,302.7,0.42,0.38,2025-02-09,0949,N20,VIIRS,n,2.0NRT,280.58,0.58,N
34.03478,-117.89272,315.14,0.42,0.38,2025-02-09,0949,N20,VIIRS,n,2.0NRT,281.03,1.45,N
34.15269,-118.19448,315.11,0.41,0.37,2025-02-09,0949,N20,VIIRS,n,2.0NRT,280.52,1.37,N
34.11525,-117.92331,298.08,0.42,0.38,2025-02-09,0949,N20,VIIRS,n,2.0NRT,280.35,0.7,N
34.29327,-118.80354,318.55,0.4,0.37,2025-02-09,0949,N20,VIIRS,n,2.0NRT,280.51,1.07,N
34.24233,-118.3805,303.86,0.41,0.37,2025-02-09,0949,N20,VIIRS,n,2.0NRT,277.3,0.56,N
34.32127,-118.51138,305.64,0.41,0.37,2025-02-09,0949,N20,VIIRS,n,2.0NRT,278.5,0.58,N
34.33694,-118.5212,312.64,0.41,0.37,2025-02-09,0949,N20,VIIRS,n,2.0NRT,278.5,1.42,N
34.29121,-118.80269,327.17,0.45,0.39,2025-02-09,2108,N20,VIIRS,n,2.0NRT,297.9,1.18,D
34.1525,-118.19074,326.81,0.47,0.4,2025-02-09,2108,N20,VIIRS,n,2.0NRT,298.28,2.58,D
34.43197,-118.64514,302.03,0.43,0.38,2025-02-10,0930,N20,VIIRS,n,2.0NRT,276.46,1.18,N
34.03693,-118.10532,301.68,0.41,0.37,2025-02-10,0930,N20,VIIRS,n,2.0NRT,277.15,0.74,N
34.11641,-117.92342,299.24,0.41,0.37,2025-02-10,0930,N20,VIIRS,n,2.0NRT,280.21,0.67,N
34.03578,-117.89424,315.46,0.41,0.37,2025-02-10,0930,N20,VIIRS,n,2.0NRT,276.68,0.62,N
33.71616,-117.71267,311.99,0.4,0.37,2025-02-10,0930,N20,VIIRS,n,2.0NRT,279.88,0.84,N
33.61313,-117.82542,306.4,0.4,0.37,2025-02-10,0930,N20,VIIRS,n,2.0NRT,280.48,1.21,N
34.33371,-118.52093,310.06,0.43,0.38,2025-02-10,0930,N20,VIIRS,n,2.0NRT,276.25,1.35,N
34.3351,-118.51818,315.78,0.43,0.38,2025-02-10,0930,N20,VIIRS,n,2.0NRT,277.47,1.46,N
34.32005,-118.51182,302.48,0.43,0.38,2025-02-10,0930,N20,VIIRS,n,2.0NRT,276.94,0.77,N
34.24245,-118.38252,298.67,0.42,0.38,2025-02-10,0930,N20,VIIRS,n,2.0NRT,277.01,0.7,N
34.29129,-118.80439,318.08,0.43,0.38,2025-02-10,0930,N20,VIIRS,n,2.0NRT,276.42,0.85,N
34.15394,-118.19321,316.06,0.41,0.37,2025-02-10,0930,N20,VIIRS,n,2.0NRT,279.13,1.65,N
34.03958,-117.82168,295.28,0.41,0.37,2025-02-10,0930,N20,VIIRS,n,2.0NRT,278.11,0.53,N
33.81853,-118.24566,296.08,0.41,0.37,2025-02-10,0930,N20,VIIRS,n,2.0NRT,282.38,1.49,N
33.81389,-118.23743,297.12,0.41,0.37,2025-02-10,0930,N20,VIIRS,n,2.0NRT,283.81,1.1,N
34.40352,-118.97274,331.4,0.39,0.37,2025-02-10,2050,N20,VIIRS,n,2.0NRT,293.59,1.07,D
34.40685,-118.97346,326.55,0.39,0.37,2025-02-10,2050,N20,VIIRS,n,2.0NRT,292.42,2.61,D
34.40628,-118.95587,332.15,0.39,0.37,2025-02-10,2050,N20,VIIRS,n,2.0NRT,295.74,7.25,D
34.39008,-118.99165,337.49,0.4,0.37,2025-02-10,2050,N20,VIIRS,n,2.0NRT,293.3,5.2,D
33.61369,-117.82198,298.89,0.42,0.45,2025-02-11,0913,N20,VIIRS,n,2.0NRT,278.15,1,N
34.29337,-118.80262,301.94,0.49,0.48,2025-02-11,0913,N20,VIIRS,n,2.0NRT,277.33,1.06,N
33.8137,-118.23969,296.29,0.45,0.47,2025-02-11,0913,N20,VIIRS,n,2.0NRT,283.71,1.08,N
34.40536,-118.95489,339.25,0.39,0.44,2025-02-11,2029,N20,VIIRS,n,2.0NRT,288.04,6.59,D
34.40454,-118.95889,332.32,0.39,0.44,2025-02-11,2029,N20,VIIRS,n,2.0NRT,286.87,5.72,D
34.33368,-118.51867,308.24,0.39,0.36,2025-02-15,0936,N20,VIIRS,n,2.0NRT,274.17,0.6,N
33.61322,-117.82204,310.62,0.38,0.36,2025-02-15,0936,N20,VIIRS,n,2.0NRT,277.98,0.95,N
33.7925,-118.35098,295.2,0.39,0.36,2025-02-15,0936,N20,VIIRS,n,2.0NRT,277.48,0.42,N
33.77586,-118.21764,295.53,0.39,0.36,2025-02-15,0936,N20,VIIRS,n,2.0NRT,278.16,0.38,N
33.71527,-117.71127,306.28,0.38,0.36,2025-02-15,0936,N20,VIIRS,n,2.0NRT,277.81,0.79,N
33.82042,-118.2422,296.81,0.39,0.36,2025-02-15,0936,N20,VIIRS,n,2.0NRT,283.67,0.75,N
33.8546,-118.3334,302.72,0.39,0.36,2025-02-15,0936,N20,VIIRS,n,2.0NRT,283.96,0.8,N
34.15284,-118.19176,305.04,0.39,0.36,2025-02-15,0936,N20,VIIRS,n,2.0NRT,276.98,0.65,N
34.29029,-118.80225,302.01,0.4,0.37,2025-02-15,0936,N20,VIIRS,n,2.0NRT,276.41,0.7,N
34.29361,-118.80151,301.2,0.4,0.37,2025-02-15,0936,N20,VIIRS,n,2.0NRT,275.7,0.7,N
34.24227,-118.38077,300.04,0.39,0.36,2025-02-15,0936,N20,VIIRS,n,2.0NRT,276.13,0.4,N
34.31969,-118.51135,296.64,0.39,0.36,2025-02-15,0936,N20,VIIRS,n,2.0NRT,274.97,0.49,N
34.43113,-118.64674,309.72,0.39,0.36,2025-02-15,0936,N20,VIIRS,n,2.0NRT,275.01,1.39,N
33.61368,-117.82306,300.78,0.53,0.42,2025-02-16,0917,N20,VIIRS,n,2.0NRT,278.61,0.91,N
34.43168,-118.64706,305.19,0.39,0.44,2025-02-16,0917,N20,VIIRS,n,2.0NRT,276.73,1.2,N
34.15282,-118.19417,310.3,0.56,0.43,2025-02-16,0917,N20,VIIRS,n,2.0NRT,278.65,1.48,N
34.33567,-118.51984,310.74,0.39,0.44,2025-02-16,0917,N20,VIIRS,n,2.0NRT,279.5,1.25,N
34.29143,-118.80266,309,0.4,0.44,2025-02-16,0917,N20,VIIRS,n,2.0NRT,279.27,1.25,N
33.71619,-117.71241,300.57,0.52,0.42,2025-02-16,0917,N20,VIIRS,n,2.0NRT,280.96,0.88,N
33.85388,-118.33295,300.19,0.56,0.43,2025-02-16,0917,N20,VIIRS,n,2.0NRT,278.85,1.94,N
34.15359,-118.19447,309.6,0.56,0.43,2025-02-16,0917,N20,VIIRS,n,2.0NRT,278.23,1.96,N
34.15528,-118.19318,297.59,0.34,0.56,2025-02-17,0858,N20,VIIRS,n,2.0NRT,276.38,0.53,N
33.8544,-118.33464,305.73,0.35,0.56,2025-02-17,0858,N20,VIIRS,n,2.0NRT,283.19,1.5,N
33.85369,-118.33341,308.18,0.35,0.56,2025-02-17,0858,N20,VIIRS,n,2.0NRT,285.31,1.35,N
34.33744,-118.52052,304.64,0.36,0.57,2025-02-17,0858,N20,VIIRS,n,2.0NRT,281.57,0.68,N
34.29161,-118.80521,306.1,0.37,0.58,2025-02-17,0858,N20,VIIRS,n,2.0NRT,278.77,0.79,N
34.29431,-118.80252,304.42,0.37,0.58,2025-02-17,0858,N20,VIIRS,n,2.0NRT,279.52,0.67,N
34.43023,-118.64737,301.6,0.37,0.58,2025-02-17,0858,N20,VIIRS,n,2.0NRT,278.3,0.71,N
33.85194,-118.33485,297.29,0.61,0.71,2025-02-17,1040,N20,VIIRS,n,2.0NRT,282.59,1.61,N
34.29068,-118.8019,296.77,0.61,0.53,2025-02-18,1019,N20,VIIRS,n,2.0NRT,273.72,0.87,N
34.29286,-118.80065,299.42,0.51,0.41,2025-02-19,1002,N20,VIIRS,n,2.0NRT,269.7,0.72,N
33.61228,-117.82477,307.48,0.39,0.44,2025-02-19,1002,N20,VIIRS,n,2.0NRT,279.99,0.45,N
33.71592,-117.71174,304.29,0.4,0.44,2025-02-19,1002,N20,VIIRS,n,2.0NRT,281.86,0.91,N
33.85297,-118.3355,296.26,0.55,0.43,2025-02-19,1002,N20,VIIRS,n,2.0NRT,285.09,2.25,N
34.15453,-118.1917,309.23,0.55,0.43,2025-02-19,1002,N20,VIIRS,n,2.0NRT,278.51,1.14,N
34.33535,-118.5196,307.51,0.53,0.42,2025-02-19,1002,N20,VIIRS,n,2.0NRT,278.46,1.28,N
34.43167,-118.64753,295.56,0.52,0.41,2025-02-19,1002,N20,VIIRS,n,2.0NRT,274.13,1.19,N
34.40348,-118.95583,337.18,0.41,0.45,2025-02-19,2120,N20,VIIRS,n,2.0NRT,298.93,5.18,D
34.40759,-118.95672,330.47,0.41,0.45,2025-02-19,2120,N20,VIIRS,n,2.0NRT,299.02,5.18,D
34.40619,-118.9706,341.95,0.41,0.45,2025-02-19,2120,N20,VIIRS,n,2.0NRT,299.8,8.77,D
34.36294,-118.94068,330.58,0.41,0.45,2025-02-19,2120,N20,VIIRS,n,2.0NRT,297,2.15,D
34.38414,-118.81051,340.04,0.42,0.45,2025-02-19,2120,N20,VIIRS,n,2.0NRT,297.99,10.77,D
34.38371,-118.81494,332.07,0.42,0.45,2025-02-19,2120,N20,VIIRS,n,2.0NRT,297.15,10.77,D
34.38837,-118.81055,348.01,0.42,0.45,2025-02-19,2120,N20,VIIRS,n,2.0NRT,300.4,10.77,D
34.40396,-118.95112,339.08,0.41,0.45,2025-02-19,2120,N20,VIIRS,n,2.0NRT,296.66,5.18,D
34.07832,-117.50003,302.3,0.4,0.37,2025-02-20,0941,N20,VIIRS,n,2.0NRT,278.64,0.61,N
34.03547,-118.10572,304.76,0.39,0.36,2025-02-20,0941,N20,VIIRS,n,2.0NRT,279.58,0.6,N
34.15205,-118.19159,296.85,0.39,0.36,2025-02-20,0941,N20,VIIRS,n,2.0NRT,279.18,0.64,N
34.42984,-118.64444,305.14,0.38,0.36,2025-02-20,0941,N20,VIIRS,n,2.0NRT,276.68,0.86,N
34.24446,-118.38199,295.64,0.39,0.36,2025-02-20,0941,N20,VIIRS,n,2.0NRT,276.66,0.43,N
34.29103,-118.80229,295.62,0.38,0.36,2025-02-20,0941,N20,VIIRS,n,2.0NRT,262.42,0.19,N
34.15273,-118.19574,297.12,0.39,0.36,2025-02-20,0941,N20,VIIRS,n,2.0NRT,278.09,0.62,N
33.61288,-117.82482,314.18,0.39,0.36,2025-02-20,0943,N20,VIIRS,n,2.0NRT,280.35,0.69,N
33.71658,-117.7101,307.99,0.39,0.37,2025-02-20,0943,N20,VIIRS,n,2.0NRT,282.09,0.93,N
33.792,-118.3489,295.43,0.39,0.36,2025-02-20,0943,N20,VIIRS,n,2.0NRT,278.24,0.22,N
33.77181,-118.28774,296.06,0.39,0.36,2025-02-20,0943,N20,VIIRS,n,2.0NRT,284.69,0.47,N
33.8544,-118.33423,297.14,0.39,0.36,2025-02-20,0943,N20,VIIRS,n,2.0NRT,282.04,1.62,N
33.81914,-118.24377,299.72,0.39,0.36,2025-02-20,0943,N20,VIIRS,n,2.0NRT,284.84,0.98,N
33.81449,-118.23626,299.51,0.39,0.36,2025-02-20,0943,N20,VIIRS,n,2.0NRT,284.09,0.94,N
34.429,-118.6422,331.23,0.41,0.37,2025-02-20,2101,N20,VIIRS,n,2.0NRT,298.83,2.34,D
34.33403,-118.51704,331.65,0.41,0.37,2025-02-20,2101,N20,VIIRS,n,2.0NRT,301.16,1.93,D
34.29194,-118.80103,331.87,0.4,0.37,2025-02-20,2101,N20,VIIRS,n,2.0NRT,302.03,2.01,D
34.0371,-118.10442,299.42,0.47,0.39,2025-02-21,0924,N20,VIIRS,n,2.0NRT,282.72,0.6,N
33.61361,-117.82543,306.14,0.45,0.39,2025-02-21,0924,N20,VIIRS,n,2.0NRT,280.58,0.37,N
33.71754,-117.71013,303.52,0.45,0.39,2025-02-21,0924,N20,VIIRS,n,2.0NRT,281.5,1.35,N
34.43007,-118.64622,307.96,0.5,0.41,2025-02-21,0924,N20,VIIRS,n,2.0NRT,282.27,1.49,N
34.33378,-118.52029,310.72,0.49,0.4,2025-02-21,0924,N20,VIIRS,n,2.0NRT,281.63,1.32,N
34.32145,-118.51192,300.97,0.49,0.4,2025-02-21,0924,N20,VIIRS,n,2.0NRT,282.78,0.62,N
34.29141,-118.80415,311.04,0.5,0.41,2025-02-21,0924,N20,VIIRS,n,2.0NRT,286.19,1.14,N
34.24201,-118.38256,296.2,0.48,0.4,2025-02-21,0924,N20,VIIRS,n,2.0NRT,279.65,0.55,N
34.2902,-118.80054,309.92,0.5,0.41,2025-02-21,0924,N20,VIIRS,n,2.0NRT,286.37,1.43,N
34.15238,-118.19463,317.7,0.47,0.4,2025-02-21,0924,N20,VIIRS,n,2.0NRT,282.99,2.07,N
34.11517,-117.92455,296.48,0.46,0.39,2025-02-21,0924,N20,VIIRS,n,2.0NRT,281.25,0.61,N
34.042,-117.82323,303.91,0.45,0.39,2025-02-21,0924,N20,VIIRS,n,2.0NRT,281.8,0.81,N
33.85339,-118.33395,299.79,0.47,0.4,2025-02-21,0924,N20,VIIRS,n,2.0NRT,288.1,1.04,N
34.15484,-118.19643,309.36,0.55,0.51,2025-02-22,0904,N20,VIIRS,n,2.0NRT,282.86,1.78,N
34.43316,-118.64789,299.22,0.59,0.53,2025-02-22,0904,N20,VIIRS,n,2.0NRT,278.49,1.44,N
34.33656,-118.52122,299.32,0.58,0.52,2025-02-22,0904,N20,VIIRS,n,2.0NRT,281.94,0.9,N
34.29254,-118.80565,303.08,0.6,0.53,2025-02-22,0904,N20,VIIRS,n,2.0NRT,281.39,0.75,N
33.85297,-118.33143,300,0.56,0.52,2025-02-22,0904,N20,VIIRS,n,2.0NRT,287.77,2.45,N
33.85233,-118.33167,298.82,0.56,0.51,2025-02-22,0904,N20,VIIRS,n,2.0NRT,286.36,1.29,N
33.71806,-117.70982,297.25,0.51,0.5,2025-02-22,0906,N20,VIIRS,n,2.0NRT,280.98,0.61,N
33.61247,-117.82317,299.57,0.52,0.5,2025-02-22,0906,N20,VIIRS,n,2.0NRT,280.38,0.57,N
33.85262,-118.33482,299.02,0.74,0.76,2025-02-22,1047,N20,VIIRS,n,2.0NRT,284.72,1.67,N
34.33719,-118.52131,295.25,0.7,0.75,2025-02-22,1047,N20,VIIRS,n,2.0NRT,281.39,0.79,N
33.85239,-118.33395,298.04,0.74,0.76,2025-02-22,1047,N20,VIIRS,n,2.0NRT,285.17,1.26,N
33.85263,-118.33323,297.42,0.53,0.67,2025-02-23,0845,N20,VIIRS,n,2.0NRT,287.11,1.69,N
34.2942,-118.8061,296.53,0.57,0.69,2025-02-23,0845,N20,VIIRS,n,2.0NRT,279.87,0.76,N
34.15411,-118.1978,302,0.52,0.67,2025-02-23,0845,N20,VIIRS,n,2.0NRT,282.55,1.01,N
33.85452,-118.3331,301.46,0.53,0.67,2025-02-23,0845,N20,VIIRS,n,2.0NRT,288.31,1.23,N
34.33779,-118.52101,300.81,0.38,0.59,2025-02-23,1025,N20,VIIRS,n,2.0NRT,282.46,0.74,N
34.15282,-118.19386,310.71,0.4,0.6,2025-02-23,1025,N20,VIIRS,n,2.0NRT,282.84,1.06,N
34.29335,-118.80269,309,0.37,0.58,2025-02-23,1025,N20,VIIRS,n,2.0NRT,280.72,0.71,N
33.71519,-117.71298,295.45,0.44,0.62,2025-02-23,1025,N20,VIIRS,n,2.0NRT,282.22,0.52,N
33.85444,-118.3333,305.03,0.4,0.6,2025-02-23,1025,N20,VIIRS,n,2.0NRT,288.15,1.52,N
33.81952,-118.24442,301.07,0.41,0.61,2025-02-23,1025,N20,VIIRS,n,2.0NRT,287.71,1.25,N
34.32021,-118.51202,296.89,0.42,0.45,2025-02-24,1008,N20,VIIRS,n,2.0NRT,282.83,0.54,N
34.43064,-118.64568,310.68,0.41,0.45,2025-02-24,1008,N20,VIIRS,n,2.0NRT,282.27,1.54,N
34.33541,-118.52221,305.23,0.42,0.45,2025-02-24,1008,N20,VIIRS,n,2.0NRT,284.71,0.83,N
34.24269,-118.38343,296.2,0.43,0.46,2025-02-24,1008,N20,VIIRS,n,2.0NRT,281.35,0.19,N
34.29319,-118.80193,308.34,0.41,0.45,2025-02-24,1008,N20,VIIRS,n,2.0NRT,282.13,0.98,N
34.15275,-118.19163,311.36,0.44,0.46,2025-02-24,1008,N20,VIIRS,n,2.0NRT,284.59,0.96,N
34.04234,-117.82268,296.73,0.47,0.47,2025-02-24,1008,N20,VIIRS,n,2.0NRT,282.79,0.35,N
34.0368,-118.10628,295.1,0.45,0.47,2025-02-24,1008,N20,VIIRS,n,2.0NRT,282.53,0.3,N
33.85178,-118.33338,298.56,0.44,0.46,2025-02-24,1008,N20,VIIRS,n,2.0NRT,287.35,1.79,N
33.8189,-118.24403,299.04,0.45,0.47,2025-02-24,1008,N20,VIIRS,n,2.0NRT,287.77,1.57,N
33.61465,-117.82328,299.89,0.47,0.48,2025-02-24,1008,N20,VIIRS,n,2.0NRT,281.99,0.81,N
34.27878,-118.94744,332.94,0.5,0.49,2025-02-24,2129,N20,VIIRS,n,2.0NRT,299.09,3.72,D
34.48064,-118.89234,298.78,0.4,0.37,2025-02-25,0949,N20,VIIRS,n,2.0NRT,286.16,0.33,N
34.43154,-118.64485,319.35,0.4,0.37,2025-02-25,0949,N20,VIIRS,n,2.0NRT,285.3,1.71,N
34.3369,-118.52062,314.26,0.4,0.37,2025-02-25,0949,N20,VIIRS,n,2.0NRT,285.4,1.52,N
34.32033,-118.51296,308.38,0.4,0.37,2025-02-25,0949,N20,VIIRS,n,2.0NRT,285.44,0.61,N
34.39947,-118.99751,296.99,0.4,0.37,2025-02-25,0949,N20,VIIRS,n,2.0NRT,283.4,0.33,N
34.24505,-118.38154,299.96,0.41,0.37,2025-02-25,0949,N20,VIIRS,n,2.0NRT,282.17,0.54,N
34.29355,-118.80181,319.13,0.4,0.37,2025-02-25,0949,N20,VIIRS,n,2.0NRT,282.47,0.9,N
34.11431,-117.92448,299.05,0.42,0.38,2025-02-25,0949,N20,VIIRS,n,2.0NRT,283.1,0.61,N
34.15498,-118.19232,314.17,0.41,0.37,2025-02-25,0949,N20,VIIRS,n,2.0NRT,283.43,1.26,N
34.03715,-118.1059,302.2,0.42,0.37,2025-02-25,0949,N20,VIIRS,n,2.0NRT,283.87,0.72,N
34.04763,-118.44553,297.86,0.41,0.37,2025-02-25,0949,N20,VIIRS,n,2.0NRT,283.89,0.47,N
33.90578,-118.40221,296.81,0.41,0.37,2025-02-25,0949,N20,VIIRS,n,2.0NRT,286.49,0.54,N
33.85477,-118.3327,302.09,0.41,0.37,2025-02-25,0949,N20,VIIRS,n,2.0NRT,289.01,1.04,N
33.6148,-117.82073,311.87,0.43,0.38,2025-02-25,0949,N20,VIIRS,n,2.0NRT,281.98,0.6,N
33.79426,-118.35083,295.85,0.41,0.37,2025-02-25,0949,N20,VIIRS,n,2.0NRT,282.55,0.23,N
33.85418,-118.33086,301.66,0.41,0.37,2025-02-25,0949,N20,VIIRS,n,2.0NRT,289.63,1.38,N
33.82108,-118.24264,303.46,0.42,0.37,2025-02-25,0949,N20,VIIRS,n,2.0NRT,289.69,0.93,N
33.71568,-117.71152,308.28,0.43,0.38,2025-02-25,0949,N20,VIIRS,n,2.0NRT,283.5,1.27,N
34.321,-118.51324,305.69,0.43,0.38,2025-02-26,0930,N20,VIIRS,n,2.0NRT,284.91,0.64,N
34.4293,-118.64734,309.01,0.43,0.38,2025-02-26,0930,N20,VIIRS,n,2.0NRT,281.24,1.4,N
34.33604,-118.5196,318.47,0.43,0.38,2025-02-26,0930,N20,VIIRS,n,2.0NRT,285.27,1.63,N
34.24435,-118.38023,300.28,0.42,0.38,2025-02-26,0930,N20,VIIRS,n,2.0NRT,280.72,0.48,N
34.29065,-118.80327,312.83,0.44,0.38,2025-02-26,0930,N20,VIIRS,n,2.0NRT,283.88,1.57,N
34.15548,-118.19321,308.01,0.42,0.37,2025-02-26,0930,N20,VIIRS,n,2.0NRT,282.88,0.48,N
34.15208,-118.19405,307.56,0.42,0.37,2025-02-26,0930,N20,VIIRS,n,2.0NRT,284.11,1.1,N
34.11493,-117.92361,300.73,0.41,0.37,2025-02-26,0930,N20,VIIRS,n,2.0NRT,284.28,0.32,N
34.03613,-117.55854,295.49,0.4,0.37,2025-02-26,0930,N20,VIIRS,n,2.0NRT,282.21,0.42,N
34.03511,-118.10628,305.17,0.41,0.37,2025-02-26,0930,N20,VIIRS,n,2.0NRT,283.43,0.85,N
33.71675,-117.71048,311.1,0.4,0.37,2025-02-26,0930,N20,VIIRS,n,2.0NRT,284.01,1.22,N
33.61371,-117.82249,310.13,0.4,0.37,2025-02-26,0930,N20,VIIRS,n,2.0NRT,281.87,1.13,N
34.23275,-118.58162,335.55,0.39,0.36,2025-02-26,2050,N20,VIIRS,n,2.0NRT,309.98,1.03,D
34.43067,-118.64411,335.64,0.39,0.36,2025-02-26,2050,N20,VIIRS,n,2.0NRT,309.16,2.24,D
33.81389,-118.23922,301.15,0.45,0.47,2025-02-27,0913,N20,VIIRS,n,2.0NRT,288.17,1.41,N
33.80576,-118.24534,298.17,0.45,0.47,2025-02-27,0913,N20,VIIRS,n,2.0NRT,287.65,0.8,N
33.71466,-117.71326,306.31,0.42,0.45,2025-02-27,0913,N20,VIIRS,n,2.0NRT,291.07,0.99,N
33.61469,-117.8241,305.07,0.43,0.46,2025-02-27,0913,N20,VIIRS,n,2.0NRT,285.91,0.76,N
33.90949,-118.41082,299.89,0.46,0.47,2025-02-27,0913,N20,VIIRS,n,2.0NRT,288.57,1.86,N
34.0364,-118.10424,296.94,0.45,0.47,2025-02-27,0913,N20,VIIRS,n,2.0NRT,284.6,0.48,N
33.85353,-118.33314,309.03,0.46,0.47,2025-02-27,0913,N20,VIIRS,n,2.0NRT,291.66,1.92,N
33.81866,-118.24348,299.51,0.45,0.47,2025-02-27,0913,N20,VIIRS,n,2.0NRT,288.35,1.54,N
34.04281,-117.82243,300.25,0.43,0.46,2025-02-27,0913,N20,VIIRS,n,2.0NRT,285.95,0.67,N
34.11723,-117.92439,297.3,0.44,0.46,2025-02-27,0913,N20,VIIRS,n,2.0NRT,284.85,0.41,N
34.15234,-118.19664,310.27,0.45,0.47,2025-02-27,0913,N20,VIIRS,n,2.0NRT,287.95,1.87,N
34.24504,-118.38147,295.58,0.46,0.47,2025-02-27,0913,N20,VIIRS,n,2.0NRT,283.36,0.19,N
34.29042,-118.80199,311.9,0.49,0.49,2025-02-27,0913,N20,VIIRS,n,2.0NRT,290.63,1.62,N
34.29276,-118.80039,300.93,0.49,0.49,2025-02-27,0913,N20,VIIRS,n,2.0NRT,289.59,1.29,N
34.32006,-118.51176,302.13,0.47,0.48,2025-02-27,0913,N20,VIIRS,n,2.0NRT,287.73,0.39,N
34.33419,-118.51974,310.05,0.47,0.48,2025-02-27,0913,N20,VIIRS,n,2.0NRT,286.44,0.7,N
34.43038,-118.64407,307.29,0.48,0.48,2025-02-27,0913,N20,VIIRS,n,2.0NRT,280.73,1.53,N
33.61617,-117.82526,300.63,0.4,0.6,2025-02-28,0852,N20,VIIRS,n,2.0NRT,282.69,0.31,N
33.78038,-118.23887,300.33,0.42,0.61,2025-02-28,0852,N20,VIIRS,n,2.0NRT,288.01,0.82,N
33.71459,-117.7113,298.2,0.39,0.6,2025-02-28,0852,N20,VIIRS,n,2.0NRT,287.54,0.55,N
34.33356,-118.52109,300.29,0.45,0.63,2025-02-28,0852,N20,VIIRS,n,2.0NRT,281.93,0.38,N
34.28999,-118.80719,297.34,0.46,0.64,2025-02-28,0852,N20,VIIRS,n,2.0NRT,286.65,1.08,N
34.29143,-118.80244,301.47,0.46,0.64,2025-02-28,0852,N20,VIIRS,n,2.0NRT,287.12,0.85,N
34.15281,-118.19648,309.98,0.43,0.62,2025-02-28,0852,N20,VIIRS,n,2.0NRT,286.39,1.16,N
34.15597,-118.19353,301.89,0.42,0.61,2025-02-28,0852,N20,VIIRS,n,2.0NRT,284.01,0.42,N
34.03686,-118.10752,296.01,0.42,0.61,2025-02-28,0852,N20,VIIRS,n,2.0NRT,282.9,0.38,N
33.85651,-118.33355,299.36,0.43,0.62,2025-02-28,0852,N20,VIIRS,n,2.0NRT,287.62,0.64,N
33.85079,-118.33404,298.42,0.43,0.62,2025-02-28,0852,N20,VIIRS,n,2.0NRT,285.31,0.64,N
33.85501,-118.33498,303.16,0.43,0.62,2025-02-28,0852,N20,VIIRS,n,2.0NRT,287.55,1.36,N
33.82072,-118.24435,300.76,0.42,0.61,2025-02-28,0852,N20,VIIRS,n,2.0NRT,288.45,1,N
33.81475,-118.24025,298.52,0.42,0.61,2025-02-28,0852,N20,VIIRS,n,2.0NRT,288.06,1.42,N
34.29295,-118.80088,295.6,0.45,0.63,2025-02-28,1032,N20,VIIRS,n,2.0NRT,284.98,0.82,N
34.33527,-118.52251,295.21,0.47,0.64,2025-02-28,1032,N20,VIIRS,n,2.0NRT,277.95,0.91,N
34.40077,-118.99721,296.63,0.4,0.37,2025-03-03,0936,N20,VIIRS,n,2.0NRT,276.56,0.51,N
33.85265,-118.33434,300.31,0.39,0.36,2025-03-03,0936,N20,VIIRS,n,2.0NRT,285.78,0.81,N
34.03593,-118.10484,301.26,0.39,0.36,2025-03-03,0936,N20,VIIRS,n,2.0NRT,279.3,0.66,N
34.1549,-118.19458,316.01,0.39,0.36,2025-03-03,0936,N20,VIIRS,n,2.0NRT,277.09,1.29,N
34.29179,-118.80148,315.56,0.4,0.37,2025-03-03,0936,N20,VIIRS,n,2.0NRT,277.16,1.45,N
34.24376,-118.37964,298.82,0.39,0.36,2025-03-03,0936,N20,VIIRS,n,2.0NRT,277.44,0.53,N
34.32069,-118.51215,300.55,0.39,0.36,2025-03-03,0936,N20,VIIRS,n,2.0NRT,274.48,0.48,N
34.33518,-118.51772,297.15,0.39,0.36,2025-03-03,0936,N20,VIIRS,n,2.0NRT,275.87,0.7,N
34.33579,-118.5219,301.83,0.39,0.36,2025-03-03,0936,N20,VIIRS,n,2.0NRT,275.18,0.7,N
34.42934,-118.64671,318.95,0.39,0.37,2025-03-03,0936,N20,VIIRS,n,2.0NRT,275.92,1.32,N
33.61534,-117.82463,295.15,0.38,0.36,2025-03-03,0936,N20,VIIRS,n,2.0NRT,279.64,0.42,N
33.77711,-118.23761,297.56,0.39,0.36,2025-03-03,0936,N20,VIIRS,n,2.0NRT,285.61,0.74,N
33.7939,-118.34959,296.5,0.39,0.36,2025-03-03,0936,N20,VIIRS,n,2.0NRT,280.87,0.48,N
33.7168,-117.70987,300.47,0.38,0.36,2025-03-03,0936,N20,VIIRS,n,2.0NRT,279.12,0.75,N
33.80534,-118.24435,297.35,0.39,0.36,2025-03-03,0936,N20,VIIRS,n,2.0NRT,284.99,0.5,N
33.81461,-118.23808,299.41,0.39,0.36,2025-03-03,0936,N20,VIIRS,n,2.0NRT,285.22,1.15,N
33.85203,-118.33017,296.68,0.39,0.36,2025-03-03,0936,N20,VIIRS,n,2.0NRT,286.46,0.81,N
33.71638,-117.71241,298.09,0.52,0.42,2025-03-04,0917,N20,VIIRS,n,2.0NRT,277.39,0.94,N
33.71499,-117.71205,299.22,0.53,0.42,2025-03-04,0917,N20,VIIRS,n,2.0NRT,276.89,0.84,N
34.29433,-118.8042,297.1,0.4,0.44,2025-03-04,0917,N20,VIIRS,n,2.0NRT,276.33,0.73,N
33.82161,-118.24378,295.13,0.56,0.43,2025-03-04,0917,N20,VIIRS,n,2.0NRT,284.58,1.08,N
33.61411,-117.82334,307.29,0.53,0.42,2025-03-04,0917,N20,VIIRS,n,2.0NRT,280.48,1.07,N
34.40242,-118.82483,333.41,0.49,0.41,2025-03-04,2036,N20,VIIRS,n,2.0NRT,300.51,7.31,D
34.15593,-118.19308,295.58,0.34,0.56,2025-03-05,0858,N20,VIIRS,n,2.0NRT,275.35,0.75,N
33.71539,-117.71362,301,0.32,0.55,2025-03-05,0858,N20,VIIRS,n,2.0NRT,277.78,0.73,N
33.71603,-117.71279,301.32,0.32,0.55,2025-03-05,0858,N20,VIIRS,n,2.0NRT,277.84,0.63,N
33.61255,-117.82387,296.77,0.32,0.55,2025-03-05,0858,N20,VIIRS,n,2.0NRT,278.9,0.28,N
33.61368,-117.82422,300.25,0.32,0.55,2025-03-05,0858,N20,VIIRS,n,2.0NRT,279.05,0.4,N
34.42958,-118.64665,303.14,0.37,0.58,2025-03-05,0858,N20,VIIRS,n,2.0NRT,278.37,0.69,N
34.33727,-118.51951,295.07,0.36,0.58,2025-03-05,0858,N20,VIIRS,n,2.0NRT,279.57,0.5,N
34.32087,-118.51388,295.12,0.36,0.57,2025-03-05,0858,N20,VIIRS,n,2.0NRT,278.74,0.29,N
34.29383,-118.80492,301.73,0.38,0.58,2025-03-05,0858,N20,VIIRS,n,2.0NRT,277.65,0.77,N
34.28991,-118.80301,295.66,0.6,0.53,2025-03-06,1019,N20,VIIRS,n,2.0NRT,276.94,1.07,N
34.335,-118.51997,297.11,0.63,0.54,2025-03-06,1019,N20,VIIRS,n,2.0NRT,277.3,1.36,N
34.2914,-118.80312,298,0.6,0.53,2025-03-06,1019,N20,VIIRS,n,2.0NRT,276.89,0.96,N
33.90587,-118.4051,295.14,0.32,0.55,2025-03-06,1019,N20,VIIRS,n,2.0NRT,281.33,0.52,N
34.33685,-118.51801,300.4,0.62,0.54,2025-03-06,1019,N20,VIIRS,n,2.0NRT,276.85,1.27,N
33.74183,-118.19092,314.77,0.34,0.56,2025-03-06,1019,N20,VIIRS,n,2.0NRT,280.18,0.63,N
34.29289,-118.79982,309.82,0.51,0.41,2025-03-07,1002,N20,VIIRS,n,2.0NRT,275.36,1.19,N
33.61436,-117.82207,295.91,0.39,0.44,2025-03-07,1002,N20,VIIRS,n,2.0NRT,271.99,0.5,N
33.74261,-118.18796,297.48,0.56,0.43,2025-03-07,1002,N20,VIIRS,n,2.0NRT,281.05,0.9,N
33.74265,-118.189,302.5,0.56,0.43,2025-03-07,1002,N20,VIIRS,n,2.0NRT,279.89,0.89,N
33.85353,-118.33426,299.69,0.55,0.42,2025-03-07,1002,N20,VIIRS,n,2.0NRT,282.71,1.64,N
34.15251,-118.19603,296.37,0.55,0.43,2025-03-07,1002,N20,VIIRS,n,2.0NRT,275.52,0.75,N
34.29234,-118.80055,305.94,0.51,0.41,2025-03-07,1002,N20,VIIRS,n,2.0NRT,275.61,1.28,N
34.4308,-118.6434,305.22,0.52,0.41,2025-03-07,1002,N20,VIIRS,n,2.0NRT,275.23,1.25,N
34.33473,-118.51669,297.96,0.53,0.42,2025-03-07,1002,N20,VIIRS,n,2.0NRT,275.18,0.64,N
34.15463,-118.19399,305.67,0.39,0.36,2025-03-08,0941,N20,VIIRS,n,2.0NRT,278.93,0.94,N
34.43219,-118.64618,302.47,0.38,0.36,2025-03-08,0941,N20,VIIRS,n,2.0NRT,274.4,0.78,N
34.33643,-118.51754,295.16,0.38,0.36,2025-03-08,0941,N20,VIIRS,n,2.0NRT,277.2,0.57,N
34.29322,-118.80383,295.05,0.38,0.36,2025-03-08,0941,N20,VIIRS,n,2.0NRT,275.1,0.46,N
33.85287,-118.33288,307.29,0.39,0.36,2025-03-08,0941,N20,VIIRS,n,2.0NRT,287.64,1.56,N
33.80427,-118.24421,296.54,0.39,0.36,2025-03-08,0941,N20,VIIRS,n,2.0NRT,284.48,0.67,N
33.7165,-117.71265,297.98,0.39,0.36,2025-03-08,0941,N20,VIIRS,n,2.0NRT,278.65,0.47,N
33.77926,-118.2372,300.44,0.39,0.36,2025-03-08,0941,N20,VIIRS,n,2.0NRT,285.91,1.03,N
33.77589,-118.21656,306.08,0.39,0.36,2025-03-08,0941,N20,VIIRS,n,2.0NRT,281.07,0.69,N
33.61513,-117.82262,310.14,0.39,0.36,2025-03-08,0941,N20,VIIRS,n,2.0NRT,280.16,1.11,N
34.42898,-118.64471,332.38,0.41,0.37,2025-03-08,2101,N20,VIIRS,n,2.0NRT,300.71,2.66,D
34.29156,-118.79934,332.21,0.4,0.37,2025-03-08,2101,N20,VIIRS,n,2.0NRT,303.04,1.74,D
34.11419,-117.92569,298.6,0.46,0.39,2025-03-09,0924,N20,VIIRS,n,2.0NRT,279.89,0.55,N
34.03601,-118.1069,296.6,0.47,0.4,2025-03-09,0924,N20,VIIRS,n,2.0NRT,280.02,0.59,N
33.90992,-118.41069,295.64,0.48,0.4,2025-03-09,0924,N20,VIIRS,n,2.0NRT,285.44,0.94,N
33.85518,-118.33072,295.5,0.48,0.4,2025-03-09,0924,N20,VIIRS,n,2.0NRT,284.85,0.73,N
33.85153,-118.33136,297.49,0.48,0.4,2025-03-09,0924,N20,VIIRS,n,2.0NRT,284.64,0.73,N
33.8184,-118.24317,297.8,0.47,0.4,2025-03-09,0924,N20,VIIRS,n,2.0NRT,285.01,1.48,N
33.81414,-118.23873,298.96,0.47,0.4,2025-03-09,0924,N20,VIIRS,n,2.0NRT,285.5,1.45,N
33.7948,-118.23339,296.51,0.47,0.4,2025-03-09,0924,N20,VIIRS,n,2.0NRT,285.46,0.75,N
33.71658,-117.70943,310.64,0.45,0.39,2025-03-09,0924,N20,VIIRS,n,2.0NRT,280.18,1.01,N
33.61252,-117.8255,306.5,0.45,0.39,2025-03-09,0924,N20,VIIRS,n,2.0NRT,279.31,1.23,N
34.43215,-118.64514,308.52,0.5,0.41,2025-03-09,0924,N20,VIIRS,n,2.0NRT,276.76,1.69,N
34.33588,-118.51982,311.52,0.49,0.4,2025-03-09,0924,N20,VIIRS,n,2.0NRT,279.41,1.39,N
34.31982,-118.51206,299.36,0.49,0.4,2025-03-09,0924,N20,VIIRS,n,2.0NRT,278.81,0.4,N
34.29274,-118.79982,303.07,0.51,0.41,2025-03-09,0924,N20,VIIRS,n,2.0NRT,277.85,0.86,N
34.29254,-118.80107,307.48,0.51,0.41,2025-03-09,0924,N20,VIIRS,n,2.0NRT,277.78,1.42,N
34.1544,-118.19133,313.62,0.47,0.4,2025-03-09,0924,N20,VIIRS,n,2.0NRT,280.61,1.22,N
34.29168,-118.7996,331.66,0.43,0.38,2025-03-09,2044,N20,VIIRS,l,2.0NRT,303.7,1.51,D
33.81865,-118.24287,295.71,0.56,0.51,2025-03-10,0905,N20,VIIRS,n,2.0NRT,285.65,0.97,N
33.71516,-117.71004,298.93,0.52,0.5,2025-03-10,0905,N20,VIIRS,n,2.0NRT,280.94,0.63,N
34.43134,-118.64507,297.11,0.6,0.53,2025-03-10,0905,N20,VIIRS,n,2.0NRT,277.63,0.95,N
34.2929,-118.80254,298.25,0.61,0.53,2025-03-10,0905,N20,VIIRS,n,2.0NRT,277.73,1.01,N
34.29097,-118.80162,302.65,0.61,0.53,2025-03-10,0905,N20,VIIRS,n,2.0NRT,278.19,1.23,N
34.15356,-118.19275,305.66,0.56,0.51,2025-03-10,0905,N20,VIIRS,n,2.0NRT,281.05,1.03,N
34.15276,-118.19323,309.11,0.56,0.51,2025-03-10,0905,N20,VIIRS,n,2.0NRT,281.2,1.68,N
33.81339,-118.2374,295.58,0.56,0.51,2025-03-10,0905,N20,VIIRS,n,2.0NRT,285.03,0.97,N
33.7661,-117.55621,352.32,0.42,0.45,2025-03-10,2023,N20,VIIRS,n,2.0NRT,294.85,8.56,D
33.76517,-117.56065,337.28,0.42,0.45,2025-03-10,2023,N20,VIIRS,n,2.0NRT,292.65,5.28,D
33.61392,-117.82116,298.25,0.47,0.48,2025-03-12,1009,N20,VIIRS,n,2.0NRT,281.27,0.65,N
33.84742,-118.33498,331.16,0.46,0.39,2025-03-13,2108,N20,VIIRS,n,2.0NRT,293.53,4.87,D
33.84986,-118.33295,335.02,0.46,0.39,2025-03-13,2108,N20,VIIRS,n,2.0NRT,292.43,3.05,D
33.84626,-118.33233,334.44,0.46,0.39,2025-03-13,2108,N20,VIIRS,n,2.0NRT,291.95,3.05,D
33.7744,-118.21783,296.86,0.42,0.37,2025-03-14,0930,N20,VIIRS,n,2.0NRT,277.9,0.54,N
34.0354,-118.10551,295.34,0.41,0.37,2025-03-14,0930,N20,VIIRS,n,2.0NRT,268.41,0.54,N
33.85032,-118.33639,308.27,0.42,0.38,2025-03-14,0930,N20,VIIRS,n,2.0NRT,272.55,1.62,N
33.71462,-117.71021,303.34,0.4,0.37,2025-03-14,0930,N20,VIIRS,n,2.0NRT,274.83,0.77,N
34.15336,-118.1944,308.16,0.46,0.47,2025-03-15,0909,N20,VIIRS,n,2.0NRT,277.33,1.15,N
34.43214,-118.64571,300.82,0.49,0.48,2025-03-15,0909,N20,VIIRS,n,2.0NRT,276.71,1.11,N
33.82005,-118.24608,295.04,0.46,0.47,2025-03-15,0909,N20,VIIRS,n,2.0NRT,280.74,0.7,N
33.77973,-118.23692,297.62,0.45,0.47,2025-03-15,0909,N20,VIIRS,n,2.0NRT,284.14,0.9,N
34.15475,-118.19253,312.84,0.46,0.47,2025-03-15,0909,N20,VIIRS,n,2.0NRT,277.03,0.9,N
34.3364,-118.51901,306.69,0.48,0.48,2025-03-15,0909,N20,VIIRS,n,2.0NRT,275.65,0.91,N
34.29229,-118.80495,300.91,0.5,0.49,2025-03-15,0909,N20,VIIRS,n,2.0NRT,277.35,1.33,N
33.61477,-117.82456,302.92,0.43,0.46,2025-03-15,0911,N20,VIIRS,n,2.0NRT,279,0.66,N
34.15222,-118.19653,303.47,0.43,0.62,2025-03-16,0852,N20,VIIRS,n,2.0NRT,280.25,0.7,N
33.91494,-118.22605,296.45,0.43,0.62,2025-03-16,0852,N20,VIIRS,n,2.0NRT,279.67,0.35,N
34.42897,-118.64824,295.6,0.46,0.63,2025-03-16,0852,N20,VIIRS,n,2.0NRT,277.38,0.96,N
34.29084,-118.80594,295.47,0.47,0.64,2025-03-16,0852,N20,VIIRS,n,2.0NRT,277.37,0.59,N
34.29261,-118.80282,299.37,0.47,0.64,2025-03-16,0852,N20,VIIRS,n,2.0NRT,278.27,0.66,N
34.15381,-118.19456,301.48,0.43,0.62,2025-03-16,0852,N20,VIIRS,n,2.0NRT,279.67,0.87,N
33.71619,-117.71233,299.85,0.4,0.6,2025-03-16,0852,N20,VIIRS,n,2.0NRT,279.71,0.55,N
34.29189,-118.80494,296.72,0.45,0.63,2025-03-16,1032,N20,VIIRS,n,2.0NRT,279.12,0.9,N
34.28962,-118.80406,297.78,0.45,0.63,2025-03-16,1032,N20,VIIRS,n,2.0NRT,278.86,0.54,N
34.43071,-118.6461,314.75,0.44,0.39,2025-03-18,0954,N20,VIIRS,n,2.0NRT,276.26,1.54,N
34.1557,-118.19473,295.87,0.46,0.39,2025-03-18,0956,N20,VIIRS,n,2.0NRT,276.8,0.49,N
34.11601,-117.92651,296.32,0.48,0.4,2025-03-18,0956,N20,VIIRS,n,2.0NRT,278.6,0.7,N
34.29055,-118.80148,311.49,0.44,0.38,2025-03-18,0956,N20,VIIRS,n,2.0NRT,277.15,1.62,N
34.32104,-118.50921,298.42,0.45,0.39,2025-03-18,0956,N20,VIIRS,n,2.0NRT,275.53,0.53,N
34.33424,-118.52102,310.96,0.45,0.39,2025-03-18,0956,N20,VIIRS,n,2.0NRT,275.62,1.5,N
33.61366,-117.82109,309.92,0.49,0.4,2025-03-18,0956,N20,VIIRS,n,2.0NRT,279.61,1.18,N
33.82014,-118.24335,299.85,0.47,0.39,2025-03-18,0956,N20,VIIRS,n,2.0NRT,285.54,1.03,N
33.71731,-117.70863,299.85,0.49,0.4,2025-03-18,0956,N20,VIIRS,n,2.0NRT,279.11,0.86,N
34.03598,-118.10323,295.34,0.47,0.4,2025-03-18,0956,N20,VIIRS,n,2.0NRT,278.97,0.36,N
34.15212,-118.1955,306.07,0.46,0.39,2025-03-18,0956,N20,VIIRS,n,2.0NRT,277.23,0.49,N
34.3344,-118.51908,312.3,0.39,0.36,2025-03-19,0934,N20,VIIRS,n,2.0NRT,278.13,1.09,N
34.43067,-118.64551,315.23,0.4,0.37,2025-03-19,0934,N20,VIIRS,n,2.0NRT,277.1,1.52,N
34.31989,-118.51348,297.39,0.39,0.36,2025-03-19,0934,N20,VIIRS,n,2.0NRT,278.55,0.65,N
34.24252,-118.38239,299.88,0.39,0.36,2025-03-19,0934,N20,VIIRS,n,2.0NRT,277.08,0.63,N
34.29295,-118.80057,318.41,0.4,0.37,2025-03-19,0934,N20,VIIRS,n,2.0NRT,278.69,1.23,N
34.1164,-117.92602,297.41,0.39,0.36,2025-03-19,0934,N20,VIIRS,n,2.0NRT,280.37,0.45,N
34.1532,-118.19265,311.42,0.39,0.36,2025-03-19,0934,N20,VIIRS,n,2.0NRT,280.17,1.09,N
34.03961,-117.82308,295.28,0.39,0.36,2025-03-19,0934,N20,VIIRS,n,2.0NRT,280.13,0.38,N
34.03473,-118.10522,301.33,0.39,0.36,2025-03-19,0934,N20,VIIRS,n,2.0NRT,280.64,0.49,N
33.90556,-118.40309,296.94,0.39,0.36,2025-03-19,0934,N20,VIIRS,n,2.0NRT,285.69,0.99,N
33.84821,-118.33551,297.03,0.39,0.36,2025-03-19,0934,N20,VIIRS,n,2.0NRT,280.17,0.38,N
33.82069,-118.24262,304.47,0.39,0.36,2025-03-19,0934,N20,VIIRS,n,2.0NRT,288.08,0.78,N
33.71604,-117.71095,309.58,0.38,0.36,2025-03-19,0934,N20,VIIRS,n,2.0NRT,281.04,0.99,N
33.77925,-118.23869,297.59,0.39,0.36,2025-03-19,0934,N20,VIIRS,n,2.0NRT,285.82,0.46,N
33.77614,-118.21794,313.83,0.39,0.36,2025-03-19,0934,N20,VIIRS,n,2.0NRT,281.37,0.89,N
33.79267,-118.35158,298.14,0.39,0.36,2025-03-19,0934,N20,VIIRS,n,2.0NRT,278.3,0.33,N
33.61387,-117.82162,311.25,0.38,0.36,2025-03-19,0934,N20,VIIRS,n,2.0NRT,279.4,1.02,N
34.43181,-118.64542,308.76,0.4,0.44,2025-03-20,0915,N20,VIIRS,n,2.0NRT,279.03,1.31,N
34.03428,-118.10361,295.65,0.56,0.43,2025-03-20,0917,N20,VIIRS,n,2.0NRT,280.81,0.48,N
34.33635,-118.52193,303.5,0.39,0.44,2025-03-20,0917,N20,VIIRS,n,2.0NRT,279.89,0.65,N
34.29154,-118.80441,307.73,0.41,0.45,2025-03-20,0917,N20,VIIRS,n,2.0NRT,277.52,0.66,N
34.24306,-118.38173,295.92,0.39,0.44,2025-03-20,0917,N20,VIIRS,n,2.0NRT,279.94,0.39,N
34.15571,-118.19405,295.27,0.57,0.43,2025-03-20,0917,N20,VIIRS,n,2.0NRT,280.95,0.94,N
34.15179,-118.19505,302.28,0.57,0.43,2025-03-20,0917,N20,VIIRS,n,2.0NRT,283.26,0.94,N
34.04206,-117.82278,295.43,0.54,0.42,2025-03-20,0917,N20,VIIRS,n,2.0NRT,281.95,0.6,N
34.02551,-118.02528,295.74,0.55,0.43,2025-03-20,0917,N20,VIIRS,n,2.0NRT,282.21,0.64,N
33.77833,-118.24045,295.99,0.56,0.43,2025-03-20,0917,N20,VIIRS,n,2.0NRT,284.73,1.49,N
33.81919,-118.24623,295.26,0.57,0.43,2025-03-20,0917,N20,VIIRS,n,2.0NRT,283.57,1.41,N
33.90787,-118.41045,299.76,0.39,0.44,2025-03-20,0917,N20,VIIRS,n,2.0NRT,287.21,0.98,N
33.61522,-117.82035,297.66,0.54,0.42,2025-03-20,0917,N20,VIIRS,n,2.0NRT,280.93,0.37,N
33.61279,-117.82079,297.12,0.54,0.42,2025-03-20,0917,N20,VIIRS,n,2.0NRT,281.11,1,N
33.71563,-117.70842,295.54,0.53,0.42,2025-03-20,0917,N20,VIIRS,n,2.0NRT,282.62,0.71,N
33.70694,-117.8771,337.94,0.46,0.39,2025-03-20,2036,N20,VIIRS,n,2.0NRT,305.22,1.68,D
34.28411,-118.98788,330.25,0.51,0.41,2025-03-20,2036,N20,VIIRS,n,2.0NRT,293.99,3.53,D
34.28305,-118.99333,331.42,0.51,0.41,2025-03-20,2036,N20,VIIRS,n,2.0NRT,294.52,3.81,D
34.24384,-118.383,296.33,0.36,0.57,2025-03-21,0858,N20,VIIRS,n,2.0NRT,278.41,0.23,N
33.77954,-118.24052,296.49,0.35,0.57,2025-03-21,0858,N20,VIIRS,n,2.0NRT,283.18,0.5,N
33.79491,-118.23496,295.12,0.35,0.57,2025-03-21,0858,N20,VIIRS,n,2.0NRT,284.51,0.93,N
33.80619,-118.24515,296.68,0.35,0.57,2025-03-21,0858,N20,VIIRS,n,2.0NRT,284.8,0.54,N
33.80677,-118.24544,296.15,0.35,0.57,2025-03-21,0858,N20,VIIRS,n,2.0NRT,284.2,0.57,N
33.82245,-118.24374,298.94,0.35,0.57,2025-03-21,0858,N20,VIIRS,n,2.0NRT,285.72,0.6,N
33.85001,-118.33687,304.59,0.35,0.57,2025-03-21,0858,N20,VIIRS,n,2.0NRT,279.68,0.48,N
33.61178,-117.8236,297.26,0.33,0.55,2025-03-21,0858,N20,VIIRS,n,2.0NRT,278.73,0.33,N
33.77926,-118.23672,297.35,0.35,0.57,2025-03-21,0858,N20,VIIRS,n,2.0NRT,285.79,0.5,N
34.43122,-118.64692,303.89,0.37,0.58,2025-03-21,0858,N20,VIIRS,n,2.0NRT,282.46,0.73,N
34.33336,-118.52083,304,0.37,0.58,2025-03-21,0858,N20,VIIRS,n,2.0NRT,280.45,0.39,N
34.2924,-118.80177,298.06,0.38,0.59,2025-03-21,0858,N20,VIIRS,n,2.0NRT,281,0.89,N
34.15184,-118.19399,299.95,0.35,0.57,2025-03-21,0858,N20,VIIRS,n,2.0NRT,281.36,1.2,N
34.08163,-117.50022,303.78,0.64,0.54,2025-03-21,0858,N20,VIIRS,n,2.0NRT,281.42,1.67,N
33.91368,-118.41186,296.23,0.36,0.57,2025-03-21,0858,N20,VIIRS,n,2.0NRT,285.63,1.61,N
33.90784,-118.40456,296.04,0.36,0.57,2025-03-21,0858,N20,VIIRS,n,2.0NRT,283.92,0.75,N
34.33439,-118.5221,296.28,0.57,0.69,2025-03-21,1038,N20,VIIRS,n,2.0NRT,279.65,0.55,N
34.15468,-118.19439,297.16,0.6,0.7,2025-03-21,1038,N20,VIIRS,n,2.0NRT,278.87,0.38,N
34.28959,-118.80416,297.29,0.55,0.68,2025-03-21,1038,N20,VIIRS,n,2.0NRT,280.43,0.62,N
34.3769,-118.94041,351.07,0.59,0.53,2025-03-21,2019,N20,VIIRS,n,2.0NRT,301.11,8.52,D
34.28492,-118.98926,352.21,0.6,0.53,2025-03-21,2019,N20,VIIRS,n,2.0NRT,300.69,11.38,D
34.28377,-118.98943,352.99,0.6,0.53,2025-03-21,2019,N20,VIIRS,n,2.0NRT,301.2,10.48,D
34.28202,-118.98889,335.9,0.71,0.75,2025-03-21,2157,N20,VIIRS,n,2.0NRT,297.32,6.34,D
33.8193,-118.24435,297.72,0.33,0.55,2025-03-22,1019,N20,VIIRS,n,2.0NRT,279.2,0.78,N
34.08079,-117.50088,297.56,0.36,0.57,2025-03-22,1019,N20,VIIRS,n,2.0NRT,278.96,0.59,N
34.33516,-118.51752,302.31,0.62,0.54,2025-03-22,1019,N20,VIIRS,n,2.0NRT,280.97,0.94,N
34.29248,-118.8048,295.87,0.6,0.53,2025-03-22,1019,N20,VIIRS,n,2.0NRT,278.46,0.4,N
33.71687,-117.71094,296.67,0.35,0.57,2025-03-22,1019,N20,VIIRS,n,2.0NRT,277.55,0.52,N
33.71548,-117.7108,296.64,0.35,0.57,2025-03-22,1019,N20,VIIRS,n,2.0NRT,277.55,0.37,N
33.8465,-118.33457,296.82,0.32,0.55,2025-03-22,1019,N20,VIIRS,n,2.0NRT,274.02,0.47,N
34.4311,-118.64603,309.15,0.51,0.41,2025-03-23,1002,N20,VIIRS,n,2.0NRT,282.01,1.45,N
34.33508,-118.51911,307.79,0.52,0.41,2025-03-23,1002,N20,VIIRS,n,2.0NRT,282.54,1.37,N
34.33547,-118.52048,306.28,0.52,0.41,2025-03-23,1002,N20,VIIRS,n,2.0NRT,282.51,1.13,N
34.32206,-118.51236,297.19,0.52,0.42,2025-03-23,1002,N20,VIIRS,n,2.0NRT,282.51,0.4,N
33.61542,-117.82173,300.02,0.39,0.44,2025-03-23,1002,N20,VIIRS,n,2.0NRT,282.62,0.95,N
34.03712,-118.10313,296.77,0.55,0.43,2025-03-23,1002,N20,VIIRS,n,2.0NRT,282.8,0.41,N
34.15231,-118.19342,313.63,0.54,0.42,2025-03-23,1002,N20,VIIRS,n,2.0NRT,281.58,1.94,N
34.11462,-117.92519,295.14,0.56,0.43,2025-03-23,1002,N20,VIIRS,n,2.0NRT,282.73,0.51,N
34.29214,-118.8028,307.42,0.51,0.41,2025-03-23,1002,N20,VIIRS,n,2.0NRT,280.56,1.05,N
34.29316,-118.80061,307.25,0.5,0.41,2025-03-23,1002,N20,VIIRS,n,2.0NRT,281.47,1.32,N
33.75021,-117.85363,339.17,0.46,0.47,2025-03-23,2121,N20,VIIRS,n,2.0NRT,303.25,1.49,D
34.33512,-118.51879,309.47,0.38,0.36,2025-03-24,0941,N20,VIIRS,n,2.0NRT,286.98,0.98,N
34.29168,-118.80214,312.3,0.38,0.36,2025-03-24,0941,N20,VIIRS,n,2.0NRT,284.62,1,N
34.11631,-117.92502,299.19,0.39,0.36,2025-03-24,0941,N20,VIIRS,n,2.0NRT,286.02,0.44,N
34.15302,-118.19186,317.79,0.39,0.36,2025-03-24,0941,N20,VIIRS,n,2.0NRT,285.4,1.31,N
34.04122,-117.82201,297.83,0.39,0.36,2025-03-24,0941,N20,VIIRS,n,2.0NRT,284.82,0.42,N
34.03672,-118.10586,302.34,0.39,0.36,2025-03-24,0941,N20,VIIRS,n,2.0NRT,284.84,0.46,N
33.84577,-118.23299,297.19,0.39,0.36,2025-03-24,0941,N20,VIIRS,n,2.0NRT,285.62,0.34,N
33.84867,-118.33492,301.12,0.39,0.36,2025-03-24,0941,N20,VIIRS,n,2.0NRT,285.55,0.37,N
33.82019,-118.24323,300.6,0.39,0.36,2025-03-24,0941,N20,VIIRS,n,2.0NRT,289.2,1.11,N
34.43001,-118.64378,309.52,0.38,0.36,2025-03-24,0941,N20,VIIRS,n,2.0NRT,284.65,1.23,N
33.61424,-117.82253,314.4,0.39,0.36,2025-03-24,0941,N20,VIIRS,n,2.0NRT,284.18,1.06,N
33.77813,-118.23593,304.09,0.39,0.36,2025-03-24,0941,N20,VIIRS,n,2.0NRT,290.78,0.86,N
33.81557,-118.23575,301.64,0.39,0.36,2025-03-24,0941,N20,VIIRS,n,2.0NRT,288.69,0.73,N
33.71423,-117.7095,309.11,0.45,0.39,2025-03-25,0924,N20,VIIRS,n,2.0NRT,285.45,1.01,N
34.082,-118.23347,298.25,0.48,0.4,2025-03-25,0924,N20,VIIRS,n,2.0NRT,286.11,0.43,N
34.04155,-117.81959,300.4,0.46,0.39,2025-03-25,0924,N20,VIIRS,n,2.0NRT,286.39,0.63,N
34.15469,-118.19106,311.16,0.48,0.4,2025-03-25,0924,N20,VIIRS,n,2.0NRT,287.87,1.43,N
34.29257,-118.8023,314.1,0.51,0.41,2025-03-25,0924,N20,VIIRS,n,2.0NRT,284.92,1.76,N
34.31982,-118.51073,302.28,0.5,0.41,2025-03-25,0924,N20,VIIRS,n,2.0NRT,288.11,0.37,N
34.3254,-118.52557,305.73,0.5,0.41,2025-03-25,0924,N20,VIIRS,n,2.0NRT,288.37,0.98,N
34.33596,-118.51858,302.06,0.5,0.41,2025-03-25,0924,N20,VIIRS,n,2.0NRT,288,0.83,N
34.43201,-118.6462,312.21,0.51,0.41,2025-03-25,0924,N20,VIIRS,n,2.0NRT,286.07,1.5,N
33.61368,-117.82436,310.53,0.46,0.39,2025-03-25,0924,N20,VIIRS,n,2.0NRT,284.44,0.76,N
33.77724,-118.23621,302.23,0.48,0.4,2025-03-25,0924,N20,VIIRS,n,2.0NRT,289.86,0.92,N
34.0364,-118.10486,300.01,0.47,0.4,2025-03-25,0924,N20,VIIRS,n,2.0NRT,286.17,0.53,N
34.43108,-118.64276,333.03,0.43,0.38,2025-03-25,2042,N20,VIIRS,l,2.0NRT,307.26,3.96,D
34.02682,-118.22591,335.31,0.42,0.38,2025-03-25,2042,N20,VIIRS,l,2.0NRT,305.67,0.97,D
34.09122,-117.51693,341.52,0.4,0.37,2025-03-25,2042,N20,VIIRS,n,2.0NRT,310.47,2.29,D
34.07831,-117.53175,338.53,0.4,0.37,2025-03-25,2042,N20,VIIRS,n,2.0NRT,305.66,1.02,D
34.42964,-118.6454,315.62,0.4,0.37,2025-03-29,0947,N20,VIIRS,n,2.0NRT,280.08,1.69,N
34.33676,-118.51944,308.99,0.4,0.37,2025-03-29,0947,N20,VIIRS,n,2.0NRT,280.13,0.91,N
34.32121,-118.50974,303.51,0.4,0.37,2025-03-29,0947,N20,VIIRS,n,2.0NRT,279.89,0.42,N
34.40081,-118.99863,297.59,0.39,0.36,2025-03-29,0947,N20,VIIRS,n,2.0NRT,280.55,0.44,N
34.29291,-118.80375,300.01,0.4,0.37,2025-03-29,0947,N20,VIIRS,n,2.0NRT,278.76,0.69,N
34.2922,-118.79953,304.05,0.4,0.37,2025-03-29,0947,N20,VIIRS,n,2.0NRT,281.01,0.86,N
34.15324,-118.19366,299.5,0.41,0.37,2025-03-29,0947,N20,VIIRS,n,2.0NRT,281.16,0.52,N
34.14906,-118.72256,299.5,0.4,0.37,2025-03-29,0947,N20,VIIRS,n,2.0NRT,280.36,0.36,N
34.03545,-118.10648,302.75,0.41,0.37,2025-03-29,0947,N20,VIIRS,n,2.0NRT,282.65,0.75,N
33.90651,-118.40279,298.05,0.41,0.37,2025-03-29,0947,N20,VIIRS,n,2.0NRT,286.1,0.89,N
33.81919,-118.24333,299.17,0.41,0.37,2025-03-29,0947,N20,VIIRS,n,2.0NRT,286.71,0.79,N
33.7791,-118.23518,297.69,0.41,0.37,2025-03-29,0947,N20,VIIRS,n,2.0NRT,287.45,0.71,N
33.77601,-118.21772,298.23,0.41,0.37,2025-03-29,0947,N20,VIIRS,n,2.0NRT,283.4,0.42,N
33.7924,-118.35017,297.01,0.41,0.37,2025-03-29,0947,N20,VIIRS,n,2.0NRT,281.27,0.27,N
33.7356,-118.27193,296.37,0.41,0.37,2025-03-29,0947,N20,VIIRS,n,2.0NRT,282.92,0.42,N
33.61343,-117.82351,303.62,0.42,0.38,2025-03-29,0947,N20,VIIRS,n,2.0NRT,281.91,0.81,N
34.43095,-118.64445,314.1,0.44,0.38,2025-03-30,0930,N20,VIIRS,n,2.0NRT,277.28,1.67,N
33.84867,-118.33321,325.51,0.39,0.36,2025-03-30,2046,N20,VIIRS,n,2.0NRT,293.7,1.47,D
34.15535,-118.19439,302.97,0.44,0.62,2025-04-01,0852,N20,VIIRS,n,2.0NRT,275.93,0.73,N
33.84765,-118.33513,296.78,0.44,0.63,2025-04-01,0852,N20,VIIRS,n,2.0NRT,277.43,1.41,N
33.84737,-118.33624,306.54,0.44,0.63,2025-04-01,0852,N20,VIIRS,n,2.0NRT,277.39,1.45,N
34.42838,-118.64559,297.88,0.45,0.63,2025-04-01,1032,N20,VIIRS,n,2.0NRT,276.82,0.42,N
34.29338,-118.8007,303.94,0.48,0.48,2025-04-02,1013,N20,VIIRS,n,2.0NRT,276.97,1.02,N
34.15257,-118.19021,300.07,0.52,0.5,2025-04-02,1013,N20,VIIRS,n,2.0NRT,277.74,0.67,N
33.71694,-117.70958,297.23,0.57,0.52,2025-04-02,1013,N20,VIIRS,n,2.0NRT,277.93,0.86,N
33.84947,-118.3368,296.51,0.52,0.5,2025-04-02,1013,N20,VIIRS,n,2.0NRT,280.64,1.18,N
33.8482,-118.33132,296.82,0.52,0.5,2025-04-02,1013,N20,VIIRS,n,2.0NRT,281.44,1.18,N
33.61264,-117.82143,296.67,0.56,0.52,2025-04-02,1013,N20,VIIRS,n,2.0NRT,279.03,0.77,N
33.84782,-118.33285,309.71,0.52,0.5,2025-04-02,1013,N20,VIIRS,n,2.0NRT,281.15,1.01,N
34.42932,-118.64433,300.92,0.49,0.48,2025-04-02,1013,N20,VIIRS,n,2.0NRT,276.08,1.26,N
34.33626,-118.52166,300.77,0.5,0.49,2025-04-02,1013,N20,VIIRS,n,2.0NRT,275.79,1.28,N
34.3368,-118.51723,305.05,0.5,0.49,2025-04-02,1013,N20,VIIRS,n,2.0NRT,276.32,0.8,N
34.29347,-118.7995,298.66,0.48,0.48,2025-04-02,1013,N20,VIIRS,n,2.0NRT,276.75,1.25,N
34.15456,-118.19491,306.66,0.52,0.5,2025-04-02,1013,N20,VIIRS,n,2.0NRT,277.16,1.62,N
34.3342,-118.51858,309.89,0.44,0.39,2025-04-03,0954,N20,VIIRS,n,2.0NRT,276.05,1.12,N
33.77848,-118.23545,299.51,0.46,0.39,2025-04-03,0954,N20,VIIRS,n,2.0NRT,286.52,0.99,N
33.82114,-118.24448,300.12,0.46,0.39,2025-04-03,0954,N20,VIIRS,n,2.0NRT,284.67,1.02,N
33.84916,-118.33398,302.11,0.46,0.39,2025-04-03,0954,N20,VIIRS,n,2.0NRT,281.81,0.73,N
33.85268,-118.33303,296.19,0.46,0.39,2025-04-03,0954,N20,VIIRS,n,2.0NRT,284.97,0.73,N
33.93394,-117.84102,296.83,0.48,0.4,2025-04-03,0954,N20,VIIRS,n,2.0NRT,280.01,0.66,N
34.03714,-118.10551,297.02,0.46,0.39,2025-04-03,0954,N20,VIIRS,n,2.0NRT,280.23,0.56,N
34.15212,-118.19175,318.1,0.46,0.39,2025-04-03,0954,N20,VIIRS,n,2.0NRT,279.3,1.46,N
34.2907,-118.80143,312.67,0.43,0.38,2025-04-03,0954,N20,VIIRS,n,2.0NRT,277.25,1.47,N
34.24256,-118.3798,297.1,0.45,0.39,2025-04-03,0954,N20,VIIRS,n,2.0NRT,277.15,0.46,N
34.43049,-118.64242,310.61,0.44,0.38,2025-04-03,0954,N20,VIIRS,n,2.0NRT,276.56,0.95,N
33.77993,-117.54144,352.46,0.39,0.44,2025-04-03,2114,N20,VIIRS,n,2.0NRT,293.51,37.72,D
33.78851,-117.53756,338.4,0.39,0.44,2025-04-03,2114,N20,VIIRS,n,2.0NRT,295.07,21.16,D
33.78399,-117.54166,342.85,0.39,0.44,2025-04-03,2114,N20,VIIRS,n,2.0NRT,305.33,37.72,D
33.81597,-118.23687,301.88,0.39,0.36,2025-04-04,0934,N20,VIIRS,n,2.0NRT,285.93,1.19,N
33.71597,-117.71141,303.53,0.39,0.36,2025-04-04,0934,N20,VIIRS,n,2.0NRT,279.24,0.75,N
33.77838,-118.23631,303.43,0.39,0.36,2025-04-04,0934,N20,VIIRS,n,2.0NRT,287.49,1.11,N
33.61373,-117.82204,306.72,0.39,0.36,2025-04-04,0934,N20,VIIRS,n,2.0NRT,278.58,0.84,N
33.77527,-118.21548,295.06,0.39,0.36,2025-04-04,0934,N20,VIIRS,n,2.0NRT,282.53,0.2,N
33.84744,-118.33353,305.4,0.39,0.36,2025-04-04,0934,N20,VIIRS,n,2.0NRT,282.52,1.51,N
33.82052,-118.24449,301.4,0.39,0.36,2025-04-04,0934,N20,VIIRS,n,2.0NRT,285.22,0.89,N
34.03722,-118.10384,299.09,0.39,0.36,2025-04-04,0937,N20,VIIRS,n,2.0NRT,280.2,0.26,N
33.9332,-117.84101,300.69,0.39,0.36,2025-04-04,0937,N20,VIIRS,n,2.0NRT,280.12,0.55,N
33.90913,-118.40853,296.79,0.39,0.36,2025-04-04,0937,N20,VIIRS,n,2.0NRT,286.59,0.73,N
34.43,-118.6462,319.51,0.4,0.37,2025-04-04,0937,N20,VIIRS,n,2.0NRT,276.64,1.43,N
34.0345,-118.10643,296.78,0.39,0.36,2025-04-04,0937,N20,VIIRS,n,2.0NRT,279.55,0.28,N
34.33623,-118.52017,311.21,0.4,0.37,2025-04-04,0937,N20,VIIRS,n,2.0NRT,278.17,1.4,N
34.32109,-118.51034,301.86,0.39,0.37,2025-04-04,0937,N20,VIIRS,n,2.0NRT,278.68,0.56,N
34.245,-118.38087,304.5,0.39,0.36,2025-04-04,0937,N20,VIIRS,n,2.0NRT,277.43,0.68,N
34.29217,-118.80174,322.85,0.4,0.37,2025-04-04,0937,N20,VIIRS,n,2.0NRT,278.89,1.77,N
34.11568,-117.92343,298.53,0.39,0.36,2025-04-04,0937,N20,VIIRS,n,2.0NRT,279.85,0.33,N
34.15307,-118.19507,307.87,0.39,0.36,2025-04-04,0937,N20,VIIRS,n,2.0NRT,277.92,0.71,N
33.84933,-118.33447,332.54,0.38,0.36,2025-04-04,2053,N20,VIIRS,l,2.0NRT,304.64,1.3,D
33.77877,-118.23801,300.97,0.57,0.43,2025-04-05,0915,N20,VIIRS,n,2.0NRT,287.63,1.26,N
34.42904,-118.64753,295.44,0.41,0.45,2025-04-05,0915,N20,VIIRS,n,2.0NRT,279.52,1.2,N
34.33347,-118.52076,305.5,0.4,0.44,2025-04-05,0915,N20,VIIRS,n,2.0NRT,281.22,0.65,N
34.29329,-118.8007,314.87,0.41,0.45,2025-04-05,0915,N20,VIIRS,n,2.0NRT,281.7,1.01,N
34.24434,-118.38232,300.13,0.39,0.44,2025-04-05,0915,N20,VIIRS,n,2.0NRT,279.44,0.48,N
34.15461,-118.19173,310.91,0.57,0.43,2025-04-05,0915,N20,VIIRS,n,2.0NRT,281.2,1.52,N
34.04288,-117.82322,296.93,0.55,0.42,2025-04-05,0915,N20,VIIRS,n,2.0NRT,281.6,0.66,N
33.93359,-117.84167,302.25,0.55,0.42,2025-04-05,0915,N20,VIIRS,n,2.0NRT,283.12,1.2,N
33.90894,-118.41023,299.41,0.39,0.44,2025-04-05,0915,N20,VIIRS,n,2.0NRT,287.83,0.82,N
33.84785,-118.33479,315.25,0.39,0.44,2025-04-05,0915,N20,VIIRS,n,2.0NRT,283.81,2.05,N
33.81791,-118.24381,296.98,0.57,0.43,2025-04-05,0915,N20,VIIRS,n,2.0NRT,285.92,1.16,N
33.81987,-118.24393,298.57,0.57,0.43,2025-04-05,0915,N20,VIIRS,n,2.0NRT,286.49,1.53,N
33.81521,-118.23842,297.2,0.57,0.43,2025-04-05,0915,N20,VIIRS,n,2.0NRT,287.13,1.82,N
33.71574,-117.71229,302.27,0.54,0.42,2025-04-05,0915,N20,VIIRS,n,2.0NRT,281.57,1.26,N
33.61314,-117.8256,306.22,0.54,0.42,2025-04-05,0915,N20,VIIRS,n,2.0NRT,280.73,0.78,N
34.33397,-118.51965,299.06,0.37,0.58,2025-04-06,0858,N20,VIIRS,n,2.0NRT,283.4,0.53,N
34.29219,-118.8038,309.03,0.38,0.59,2025-04-06,0858,N20,VIIRS,n,2.0NRT,280.81,0.69,N
34.43158,-118.64594,304.63,0.38,0.59,2025-04-06,0858,N20,VIIRS,n,2.0NRT,280.5,0.7,N
34.29099,-118.80371,307.72,0.38,0.59,2025-04-06,0858,N20,VIIRS,n,2.0NRT,281.17,0.86,N
34.15346,-118.19498,314.71,0.35,0.57,2025-04-06,0858,N20,VIIRS,n,2.0NRT,283.2,1.05,N
34.15344,-118.19453,315.2,0.35,0.57,2025-04-06,0858,N20,VIIRS,n,2.0NRT,283.18,0.99,N
34.03653,-118.10709,297.43,0.35,0.57,2025-04-06,0858,N20,VIIRS,n,2.0NRT,282.71,0.37,N
34.036,-118.10567,298,0.35,0.57,2025-04-06,0858,N20,VIIRS,n,2.0NRT,282.23,0.27,N
33.93336,-117.84124,298.54,0.33,0.56,2025-04-06,0858,N20,VIIRS,n,2.0NRT,282.87,0.59,N
33.90971,-118.41257,296.12,0.36,0.57,2025-04-06,0858,N20,VIIRS,n,2.0NRT,285.19,1.51,N
33.84814,-118.21216,300.32,0.35,0.57,2025-04-06,0858,N20,VIIRS,n,2.0NRT,283.07,0.5,N
33.8512,-118.33618,296.34,0.36,0.57,2025-04-06,0858,N20,VIIRS,n,2.0NRT,284.8,1,N
33.8519,-118.33452,298.49,0.36,0.57,2025-04-06,0858,N20,VIIRS,n,2.0NRT,285.94,1.09,N
33.82409,-118.24421,295.83,0.35,0.57,2025-04-06,0858,N20,VIIRS,n,2.0NRT,285.63,0.39,N
33.81884,-118.24475,303.8,0.35,0.57,2025-04-06,0858,N20,VIIRS,n,2.0NRT,288.69,0.89,N
33.79702,-118.2355,299.27,0.35,0.57,2025-04-06,0858,N20,VIIRS,n,2.0NRT,288.87,0.78,N
33.78129,-118.23728,297.65,0.35,0.57,2025-04-06,0858,N20,VIIRS,n,2.0NRT,287.58,0.47,N
33.77425,-118.28811,300.5,0.35,0.57,2025-04-06,0858,N20,VIIRS,n,2.0NRT,289.32,0.74,N
33.71754,-117.71231,305.43,0.33,0.55,2025-04-06,0858,N20,VIIRS,n,2.0NRT,283.73,0.64,N
33.61457,-117.824,305.54,0.33,0.55,2025-04-06,0858,N20,VIIRS,n,2.0NRT,283.27,0.43,N
34.32276,-118.51319,297.39,0.37,0.58,2025-04-06,0858,N20,VIIRS,n,2.0NRT,283.41,0.37,N
34.28972,-118.8035,299.71,0.54,0.68,2025-04-06,1038,N20,VIIRS,n,2.0NRT,281.26,0.6,N
34.15211,-118.1919,296.95,0.59,0.7,2025-04-06,1038,N20,VIIRS,n,2.0NRT,283.27,0.75,N
34.15665,-118.19346,297.55,0.59,0.7,2025-04-06,1038,N20,VIIRS,n,2.0NRT,281.63,0.81,N
33.84769,-118.33949,297.01,0.67,0.74,2025-04-07,0839,N20,VIIRS,n,2.0NRT,282.02,1.04,N
33.93239,-117.83941,295.85,0.34,0.56,2025-04-07,1019,N20,VIIRS,n,2.0NRT,281.38,0.75,N
33.71598,-117.71141,305.36,0.35,0.57,2025-04-07,1019,N20,VIIRS,n,2.0NRT,282.21,0.53,N
33.85321,-118.33428,296.68,0.32,0.55,2025-04-07,1019,N20,VIIRS,n,2.0NRT,286.14,0.79,N
33.82042,-118.24333,302.78,0.33,0.55,2025-04-07,1019,N20,VIIRS,n,2.0NRT,288.98,0.91,N
33.81388,-118.23827,299.29,0.33,0.55,2025-04-07,1019,N20,VIIRS,n,2.0NRT,288.29,1.09,N
33.77655,-118.23638,297.23,0.33,0.55,2025-04-07,1019,N20,VIIRS,n,2.0NRT,286.9,0.73,N
33.80498,-118.24511,297.44,0.33,0.55,2025-04-07,1019,N20,VIIRS,n,2.0NRT,286.47,0.57,N
33.61572,-117.82082,296.21,0.35,0.57,2025-04-07,1019,N20,VIIRS,n,2.0NRT,280.87,0.25,N
34.42889,-118.64373,299.08,0.6,0.53,2025-04-07,1019,N20,VIIRS,n,2.0NRT,279.58,0.59,N
34.15271,-118.19382,314.4,0.32,0.55,2025-04-07,1019,N20,VIIRS,n,2.0NRT,284.47,1.07,N
34.43039,-118.64678,309.06,0.51,0.41,2025-04-08,1000,N20,VIIRS,n,2.0NRT,282.96,1.32,N
34.32115,-118.51379,296.06,0.52,0.41,2025-04-08,1000,N20,VIIRS,n,2.0NRT,285.4,0.43,N
34.33453,-118.52187,311.04,0.52,0.41,2025-04-08,1000,N20,VIIRS,n,2.0NRT,285.33,0.9,N
34.15445,-118.18981,305.21,0.54,0.42,2025-04-08,1002,N20,VIIRS,n,2.0NRT,284.36,0.96,N
33.61452,-117.82384,305.13,0.38,0.43,2025-04-08,1002,N20,VIIRS,n,2.0NRT,282.57,1.31,N
33.71797,-117.71039,299.01,0.39,0.44,2025-04-08,1002,N20,VIIRS,n,2.0NRT,282.52,0.97,N
33.85249,-118.33374,296.6,0.54,0.42,2025-04-08,1002,N20,VIIRS,n,2.0NRT,283.16,1.08,N
34.1556,-118.19555,295.25,0.54,0.42,2025-04-08,1002,N20,VIIRS,n,2.0NRT,283.46,0.96,N
34.2911,-118.80223,313.39,0.5,0.41,2025-04-08,1002,N20,VIIRS,n,2.0NRT,282.36,1.59,N
34.28503,-118.94288,342.08,0.4,0.45,2025-04-08,2121,N20,VIIRS,n,2.0NRT,303.94,3.18,D
34.43089,-118.64561,309.62,0.38,0.36,2025-04-09,0941,N20,VIIRS,n,2.0NRT,285.73,0.82,N
34.33592,-118.52098,309.22,0.38,0.36,2025-04-09,0941,N20,VIIRS,n,2.0NRT,286.34,0.51,N
34.32087,-118.51161,299.72,0.38,0.36,2025-04-09,0941,N20,VIIRS,n,2.0NRT,285.19,0.42,N
34.24216,-118.38004,302.55,0.38,0.36,2025-04-09,0941,N20,VIIRS,n,2.0NRT,285.02,0.43,N
34.29173,-118.80028,309.66,0.38,0.36,2025-04-09,0941,N20,VIIRS,n,2.0NRT,286.21,0.65,N
34.15405,-118.19356,311.11,0.39,0.36,2025-04-09,0941,N20,VIIRS,n,2.0NRT,285.96,1.01,N
34.04173,-117.81967,297.76,0.39,0.36,2025-04-09,0941,N20,VIIRS,n,2.0NRT,285.43,0.18,N
34.03702,-118.10382,305.43,0.39,0.36,2025-04-09,0941,N20,VIIRS,n,2.0NRT,286.19,0.5,N
33.93232,-117.84027,298.17,0.39,0.36,2025-04-09,0941,N20,VIIRS,n,2.0NRT,285.58,0.41,N
33.92573,-118.42706,302.33,0.38,0.36,2025-04-09,0941,N20,VIIRS,n,2.0NRT,284.77,0.4,N
33.90931,-118.40952,301.46,0.38,0.36,2025-04-09,0941,N20,VIIRS,n,2.0NRT,290.84,0.95,N
33.85219,-118.33203,300.03,0.39,0.36,2025-04-09,0941,N20,VIIRS,n,2.0NRT,289.67,1.32,N
33.84891,-118.33278,306.78,0.39,0.36,2025-04-09,0941,N20,VIIRS,n,2.0NRT,287.29,0.55,N
33.82114,-118.24523,301.42,0.39,0.36,2025-04-09,0941,N20,VIIRS,n,2.0NRT,288.04,1.62,N
33.71616,-117.71106,311.67,0.39,0.36,2025-04-09,0941,N20,VIIRS,n,2.0NRT,285.05,1.23,N
33.77908,-118.23791,302.15,0.39,0.36,2025-04-09,0941,N20,VIIRS,n,2.0NRT,290.67,1.27,N
33.79383,-118.34987,302.04,0.39,0.36,2025-04-09,0941,N20,VIIRS,n,2.0NRT,284,0.36,N
33.6155,-117.82418,304.12,0.39,0.36,2025-04-09,0941,N20,VIIRS,n,2.0NRT,283.86,0.39,N
34.29192,-118.80169,334.25,0.4,0.37,2025-04-09,2101,N20,VIIRS,l,2.0NRT,308.8,1.45,D
34.43003,-118.64428,308.85,0.51,0.41,2025-04-10,0924,N20,VIIRS,n,2.0NRT,285.85,1.52,N
34.33435,-118.52207,310.54,0.5,0.41,2025-04-10,0924,N20,VIIRS,n,2.0NRT,286.73,0.93,N
34.32191,-118.51352,301.54,0.5,0.41,2025-04-10,0924,N20,VIIRS,n,2.0NRT,284.94,0.25,N
34.2454,-118.38082,295.44,0.49,0.4,2025-04-10,0924,N20,VIIRS,n,2.0NRT,285.38,0.41,N
34.29046,-118.80054,303.83,0.51,0.41,2025-04-10,0924,N20,VIIRS,n,2.0NRT,285.14,0.72,N
34.15282,-118.19408,317.9,0.48,0.4,2025-04-10,0924,N20,VIIRS,n,2.0NRT,287.1,2.04,N
34.11584,-117.92422,299.29,0.47,0.4,2025-04-10,0924,N20,VIIRS,n,2.0NRT,287.68,0.69,N
34.04274,-117.82108,299.81,0.46,0.39,2025-04-10,0924,N20,VIIRS,n,2.0NRT,285.9,0.59,N
34.03792,-118.10726,299.66,0.48,0.4,2025-04-10,0924,N20,VIIRS,n,2.0NRT,286.11,0.37,N
33.85369,-118.33371,303.38,0.48,0.4,2025-04-10,0924,N20,VIIRS,n,2.0NRT,291.22,1.32,N
33.82029,-118.24425,304.7,0.48,0.4,2025-04-10,0924,N20,VIIRS,n,2.0NRT,290.81,1.48,N
33.7176,-117.71201,310.45,0.46,0.39,2025-04-10,0924,N20,VIIRS,n,2.0NRT,286.32,1.34,N
33.77817,-118.236,304.46,0.48,0.4,2025-04-10,0924,N20,VIIRS,n,2.0NRT,292.51,0.95,N
33.7152,-117.70927,312.42,0.45,0.39,2025-04-10,0924,N20,VIIRS,n,2.0NRT,285.18,1.13,N
33.77892,-118.23743,304.97,0.48,0.4,2025-04-10,0924,N20,VIIRS,n,2.0NRT,291.6,1.12,N
33.61414,-117.82063,309.35,0.46,0.39,2025-04-10,0924,N20,VIIRS,n,2.0NRT,284.56,1.14,N
34.18908,-118.45699,301.41,0.59,0.53,2025-04-11,0905,N20,VIIRS,n,2.0NRT,286.9,2.05,N
34.42888,-118.64487,299.13,0.61,0.53,2025-04-11,0905,N20,VIIRS,n,2.0NRT,285.79,0.67,N
34.43195,-118.64483,299.31,0.61,0.53,2025-04-11,0905,N20,VIIRS,n,2.0NRT,286.39,1.27,N
34.3378,-118.52003,299.4,0.6,0.53,2025-04-11,0905,N20,VIIRS,n,2.0NRT,289.04,0.83,N
34.29379,-118.80266,300.91,0.62,0.54,2025-04-11,0905,N20,VIIRS,n,2.0NRT,284.92,0.62,N
34.18748,-118.45637,321.18,0.59,0.53,2025-04-11,0905,N20,VIIRS,n,2.0NRT,287.09,2.33,N
34.18854,-118.45058,317.91,0.59,0.53,2025-04-11,0905,N20,VIIRS,n,2.0NRT,288.19,2.05,N
34.15202,-118.19166,301.04,0.57,0.52,2025-04-11,0905,N20,VIIRS,n,2.0NRT,289.06,1.23,N
34.03977,-117.8233,297.29,0.54,0.51,2025-04-11,0905,N20,VIIRS,n,2.0NRT,286.89,0.56,N
33.77908,-118.23692,302.66,0.57,0.52,2025-04-11,0905,N20,VIIRS,n,2.0NRT,291.77,1.43,N
33.61407,-117.82254,302.35,0.53,0.5,2025-04-11,0905,N20,VIIRS,n,2.0NRT,285.64,0.63,N
33.61576,-117.8232,298.42,0.53,0.5,2025-04-11,0905,N20,VIIRS,n,2.0NRT,285.6,0.62,N
34.1536,-118.19415,299.3,0.72,0.76,2025-04-11,1043,N20,VIIRS,n,2.0NRT,287.5,0.86,N
34.25257,-118.76478,303.1,0.67,0.73,2025-04-11,1043,N20,VIIRS,n,2.0NRT,284.96,0.51,N
33.71706,-117.71372,299.34,0.5,0.66,2025-04-12,0845,N20,VIIRS,n,2.0NRT,284.9,0.93,N
33.71622,-117.71417,296.01,0.5,0.66,2025-04-12,0845,N20,VIIRS,n,2.0NRT,283.76,0.54,N
34.42985,-118.64521,299.88,0.37,0.58,2025-04-12,1026,N20,VIIRS,n,2.0NRT,284.1,0.72,N
34.3182,-118.51321,295.53,0.38,0.58,2025-04-12,1026,N20,VIIRS,n,2.0NRT,283.85,0.31,N
34.29188,-118.80418,296.67,0.36,0.58,2025-04-12,1026,N20,VIIRS,n,2.0NRT,282.55,0.85,N
34.15545,-118.19368,310.82,0.4,0.6,2025-04-12,1026,N20,VIIRS,n,2.0NRT,284.51,0.73,N
34.15348,-118.19237,310.11,0.4,0.6,2025-04-12,1026,N20,VIIRS,n,2.0NRT,284.4,0.86,N
34.33691,-118.52016,305.83,0.38,0.58,2025-04-12,1026,N20,VIIRS,n,2.0NRT,285.09,0.49,N
33.69489,-117.8419,341.6,0.53,0.67,2025-04-12,2146,N20,VIIRS,n,2.0NRT,292.56,8.37,D
34.29431,-118.80249,295.9,0.4,0.44,2025-04-13,1009,N20,VIIRS,n,2.0NRT,282.11,0.84,N
34.4309,-118.64295,308.07,0.4,0.45,2025-04-13,1009,N20,VIIRS,n,2.0NRT,283.99,1.48,N
34.33693,-118.5206,310.98,0.41,0.45,2025-04-13,1009,N20,VIIRS,n,2.0NRT,283.28,1.29,N
34.32126,-118.5121,300.39,0.4,0.37,2025-04-14,0947,N20,VIIRS,n,2.0NRT,280.7,0.32,N
34.42983,-118.64679,310.11,0.4,0.37,2025-04-14,0947,N20,VIIRS,n,2.0NRT,281.56,0.97,N
34.4291,-118.64253,296.57,0.4,0.37,2025-04-14,0947,N20,VIIRS,n,2.0NRT,281.43,0.72,N
34.33609,-118.51743,318.54,0.4,0.37,2025-04-14,0947,N20,VIIRS,n,2.0NRT,283.09,1.44,N
34.1516,-118.19159,331.05,0.47,0.39,2025-04-14,2108,N20,VIIRS,l,2.0NRT,301.71,1.97,D
34.24411,-118.37992,300.87,0.43,0.38,2025-04-15,0930,N20,VIIRS,n,2.0NRT,281.66,0.51,N
34.33363,-118.51834,326.56,0.43,0.38,2025-04-15,0930,N20,VIIRS,n,2.0NRT,281.06,1.82,N
34.32439,-118.52929,298.72,0.43,0.38,2025-04-15,0930,N20,VIIRS,n,2.0NRT,279.83,0.84,N
34.31851,-118.51189,299.52,0.43,0.38,2025-04-15,0930,N20,VIIRS,n,2.0NRT,279.92,0.76,N
34.15326,-118.19376,315.98,0.42,0.38,2025-04-15,0930,N20,VIIRS,n,2.0NRT,282.16,1.83,N
34.25589,-117.63931,340.58,0.38,0.36,2025-04-15,2049,N20,VIIRS,n,2.0NRT,297.17,5.95,D
34.29169,-118.80276,296.54,0.5,0.49,2025-04-16,0909,N20,VIIRS,n,2.0NRT,272.35,0.48,N
33.85323,-118.33114,298.44,0.53,0.5,2025-04-18,1013,N20,VIIRS,n,2.0NRT,285.89,1.2,N
34.32177,-118.5109,299.4,0.45,0.39,2025-04-19,0954,N20,VIIRS,n,2.0NRT,279.06,0.31,N
34.33404,-118.51775,315.7,0.45,0.39,2025-04-19,0954,N20,VIIRS,n,2.0NRT,280.49,1.57,N
34.03629,-118.10536,301.45,0.47,0.39,2025-04-19,0956,N20,VIIRS,n,2.0NRT,281.79,0.54,N
34.14811,-118.71949,295.89,0.44,0.38,2025-04-19,0956,N20,VIIRS,n,2.0NRT,279.27,0.51,N
33.93243,-117.84045,302.95,0.48,0.4,2025-04-19,0956,N20,VIIRS,n,2.0NRT,281.4,1.06,N
33.82065,-118.2459,295.57,0.46,0.39,2025-04-19,0956,N20,VIIRS,n,2.0NRT,284.57,0.92,N
34.29131,-118.80119,312.71,0.44,0.38,2025-04-19,0956,N20,VIIRS,n,2.0NRT,281.01,1.71,N
34.15359,-118.18991,331.43,0.55,0.43,2025-04-19,2114,N20,VIIRS,l,2.0NRT,305,1.27,D
34.15216,-118.19328,310.17,0.39,0.36,2025-04-20,0934,N20,VIIRS,n,2.0NRT,283.62,1.04,N
34.04168,-117.82249,296.02,0.39,0.36,2025-04-20,0934,N20,VIIRS,n,2.0NRT,282.08,0.45,N
34.03696,-118.10654,307.08,0.39,0.36,2025-04-20,0934,N20,VIIRS,n,2.0NRT,283.05,0.42,N
33.93216,-117.84119,313.62,0.39,0.36,2025-04-20,0934,N20,VIIRS,n,2.0NRT,282.84,1.18,N
33.85308,-118.33285,307.55,0.39,0.36,2025-04-20,0934,N20,VIIRS,n,2.0NRT,290,1.5,N
33.81958,-118.24352,302.61,0.39,0.36,2025-04-20,0934,N20,VIIRS,n,2.0NRT,288.2,1.07,N
33.81503,-118.23592,301.91,0.39,0.36,2025-04-20,0934,N20,VIIRS,n,2.0NRT,287.74,1.07,N
33.71476,-117.71122,308.35,0.38,0.36,2025-04-20,0934,N20,VIIRS,n,2.0NRT,280.91,1.01,N
33.79424,-118.34779,295.49,0.39,0.36,2025-04-20,0934,N20,VIIRS,n,2.0NRT,282.32,0.3,N
33.6127,-117.82143,315.04,0.39,0.36,2025-04-20,0934,N20,VIIRS,n,2.0NRT,281.92,0.72,N
33.77747,-118.23541,301.05,0.39,0.36,2025-04-20,0934,N20,VIIRS,n,2.0NRT,288.92,1.22,N
34.42921,-118.64276,302.31,0.4,0.37,2025-04-20,0934,N20,VIIRS,n,2.0NRT,280.67,1.11,N
34.3361,-118.5215,305.56,0.39,0.36,2025-04-20,0934,N20,VIIRS,n,2.0NRT,281.2,0.76,N
34.33549,-118.5173,300.46,0.39,0.36,2025-04-20,0934,N20,VIIRS,n,2.0NRT,281.92,0.74,N
34.32097,-118.51169,303.37,0.39,0.36,2025-04-20,0934,N20,VIIRS,n,2.0NRT,280.26,0.62,N
34.29203,-118.80275,316.72,0.4,0.37,2025-04-20,0934,N20,VIIRS,n,2.0NRT,280.26,1.26,N
34.15532,-118.19422,314.28,0.39,0.36,2025-04-20,0934,N20,VIIRS,n,2.0NRT,282.73,0.43,N
34.1148,-117.92367,300.78,0.39,0.36,2025-04-20,0934,N20,VIIRS,n,2.0NRT,283.47,0.43,N
34.17751,-118.31451,337.99,0.39,0.36,2025-04-20,2055,N20,VIIRS,l,2.0NRT,308.9,0.7,D
34.33397,-118.51878,331.75,0.39,0.36,2025-04-20,2055,N20,VIIRS,l,2.0NRT,306.59,3.86,D
34.3337,-118.52055,305.6,0.39,0.44,2025-04-21,0917,N20,VIIRS,n,2.0NRT,279.2,1.36,N
34.42946,-118.64639,308.12,0.4,0.44,2025-04-21,0917,N20,VIIRS,n,2.0NRT,278.12,1.32,N
34.29256,-118.80039,299.81,0.41,0.45,2025-04-21,0917,N20,VIIRS,n,2.0NRT,271.77,0.86,N
34.15392,-118.19088,296.88,0.57,0.43,2025-04-21,0917,N20,VIIRS,n,2.0NRT,271.05,1.02,N
34.334,-118.52072,305.33,0.37,0.58,2025-04-22,0858,N20,VIIRS,n,2.0NRT,282.26,0.54,N
34.31936,-118.51311,296.36,0.37,0.58,2025-04-22,0858,N20,VIIRS,n,2.0NRT,280.79,0.24,N
34.154,-118.19358,305.5,0.35,0.57,2025-04-22,0858,N20,VIIRS,n,2.0NRT,282.04,0.73,N
34.04206,-117.82165,300.29,0.33,0.55,2025-04-22,0858,N20,VIIRS,n,2.0NRT,281.96,0.42,N
33.90998,-118.41203,295.22,0.36,0.57,2025-04-22,0858,N20,VIIRS,n,2.0NRT,284.8,0.76,N
34.33737,-118.51945,297.36,0.56,0.69,2025-04-22,1038,N20,VIIRS,n,2.0NRT,280.92,0.41,N
33.93246,-117.84102,316.89,0.39,0.36,2025-04-25,0941,N20,VIIRS,n,2.0NRT,279.71,1.66,N
34.33665,-118.52032,296.62,0.38,0.36,2025-04-25,0941,N20,VIIRS,n,2.0NRT,281.5,0.78,N
34.32421,-118.52751,297.16,0.38,0.36,2025-04-25,0941,N20,VIIRS,n,2.0NRT,278.49,0.66,N
33.86553,-118.22328,327.69,0.42,0.38,2025-04-26,2042,N20,VIIRS,l,2.0NRT,300.25,2.07,D
33.82178,-118.24393,297.41,0.56,0.52,2025-04-27,0905,N20,VIIRS,n,2.0NRT,283.54,1.28,N
34.43214,-118.64398,297.95,0.6,0.53,2025-04-27,0905,N20,VIIRS,n,2.0NRT,276.68,1.37,N
34.43007,-118.64402,297.33,0.6,0.53,2025-04-27,0905,N20,VIIRS,n,2.0NRT,276.66,1.02,N
34.33645,-118.52042,296.81,0.59,0.53,2025-04-27,0905,N20,VIIRS,n,2.0NRT,276.06,1.12,N
34.33334,-118.52155,298.4,0.59,0.53,2025-04-27,0905,N20,VIIRS,n,2.0NRT,275.23,0.84,N
34.29187,-118.8033,297.46,0.61,0.54,2025-04-27,0905,N20,VIIRS,n,2.0NRT,276.97,1.34,N
34.15594,-118.19567,301.44,0.56,0.52,2025-04-27,0905,N20,VIIRS,n,2.0NRT,277.21,0.83,N
33.93121,-117.84012,297.07,0.53,0.5,2025-04-27,0905,N20,VIIRS,n,2.0NRT,279.29,0.99,N
34.33694,-118.52107,296.3,0.56,0.69,2025-04-28,0845,N20,VIIRS,n,2.0NRT,278.06,0.6,N
34.33426,-118.52034,307.21,0.38,0.59,2025-04-28,1026,N20,VIIRS,n,2.0NRT,278.15,0.79,N
34.42823,-118.64397,296.56,0.37,0.58,2025-04-28,1026,N20,VIIRS,n,2.0NRT,278.23,0.65,N
34.33579,-118.51841,304.59,0.38,0.59,2025-04-28,1026,N20,VIIRS,n,2.0NRT,278.36,0.79,N
34.15442,-118.19321,307.3,0.4,0.6,2025-04-28,1026,N20,VIIRS,n,2.0NRT,279.32,0.9,N
34.15282,-118.19291,307.76,0.4,0.6,2025-04-28,1026,N20,VIIRS,n,2.0NRT,279.3,0.69,N
34.29032,-118.80231,307.78,0.37,0.58,2025-04-28,1026,N20,VIIRS,n,2.0NRT,279.09,0.82,N
33.85571,-118.33167,297.96,0.4,0.6,2025-04-28,1026,N20,VIIRS,n,2.0NRT,284.62,1.36,N
33.82109,-118.24416,300.07,0.4,0.6,2025-04-28,1026,N20,VIIRS,n,2.0NRT,284.64,1.02,N
33.81358,-118.23777,295.12,0.4,0.6,2025-04-28,1026,N20,VIIRS,n,2.0NRT,284.47,1.32,N
33.85477,-118.33264,301.71,0.4,0.6,2025-04-28,1026,N20,VIIRS,n,2.0NRT,284.33,1.14,N
33.8207,-118.24485,299,0.4,0.6,2025-04-28,1026,N20,VIIRS,n,2.0NRT,283.31,0.84,N
33.81324,-118.23847,297.56,0.4,0.6,2025-04-28,1026,N20,VIIRS,n,2.0NRT,284.96,1.03,N
33.77807,-118.23775,297.11,0.4,0.6,2025-04-28,1026,N20,VIIRS,n,2.0NRT,284.29,0.65,N
34.03609,-117.89044,304.13,0.46,0.47,2025-04-29,1009,N20,VIIRS,n,2.0NRT,280.52,0.49,N
33.80354,-118.2447,296.31,0.44,0.46,2025-04-29,1009,N20,VIIRS,n,2.0NRT,285.85,0.58,N
33.7798,-118.23717,297.48,0.44,0.46,2025-04-29,1009,N20,VIIRS,n,2.0NRT,286.34,0.75,N
34.3261,-118.52824,298.79,0.42,0.45,2025-04-29,1009,N20,VIIRS,n,2.0NRT,280.9,0.42,N
34.32265,-118.52557,301.3,0.42,0.45,2025-04-29,1009,N20,VIIRS,n,2.0NRT,281.44,0.73,N
34.31969,-118.51153,296.66,0.42,0.45,2025-04-29,1009,N20,VIIRS,n,2.0NRT,280.84,0.58,N
34.29197,-118.80394,300.59,0.4,0.44,2025-04-29,1009,N20,VIIRS,n,2.0NRT,279.94,0.75,N
34.29109,-118.79979,296.08,0.4,0.44,2025-04-29,1009,N20,VIIRS,n,2.0NRT,281.39,0.75,N
34.15519,-118.19196,311.38,0.44,0.46,2025-04-29,1009,N20,VIIRS,n,2.0NRT,280.85,1.47,N
33.85417,-118.33468,297.31,0.43,0.46,2025-04-29,1009,N20,VIIRS,n,2.0NRT,286.8,1.15,N
33.6152,-117.82344,300.01,0.47,0.48,2025-04-29,1009,N20,VIIRS,n,2.0NRT,281.5,0.8,N
34.43266,-118.6458,297.03,0.41,0.45,2025-04-29,1009,N20,VIIRS,n,2.0NRT,281.1,1.49,N
34.3371,-118.51937,296.81,0.42,0.45,2025-04-29,1009,N20,VIIRS,n,2.0NRT,281.01,0.65,N
33.85317,-118.3301,300.07,0.43,0.46,2025-04-29,1009,N20,VIIRS,n,2.0NRT,288.14,0.97,N
33.71566,-117.7098,305.05,0.47,0.48,2025-04-29,1009,N20,VIIRS,n,2.0NRT,281.96,0.95,N
33.82058,-118.24198,298.87,0.44,0.46,2025-04-29,1009,N20,VIIRS,n,2.0NRT,288.22,1.01,N
33.7152,-117.71175,303.94,0.47,0.48,2025-04-29,1009,N20,VIIRS,n,2.0NRT,281.64,1.01,N
33.82109,-118.24414,301.32,0.44,0.46,2025-04-29,1009,N20,VIIRS,n,2.0NRT,286.81,1.13,N
34.3255,-118.52751,302.64,0.4,0.37,2025-04-30,0947,N20,VIIRS,n,2.0NRT,281.68,0.85,N
34.43417,-118.64492,295.73,0.4,0.37,2025-04-30,0947,N20,VIIRS,n,2.0NRT,282.45,0.94,N
34.43084,-118.6457,318.49,0.4,0.37,2025-04-30,0947,N20,VIIRS,n,2.0NRT,282.43,0.94,N
34.03542,-117.89227,331.27,0.48,0.4,2025-04-30,2108,N20,VIIRS,l,2.0NRT,303.39,2.25,D
34.28939,-118.80249,330.75,0.45,0.39,2025-04-30,2108,N20,VIIRS,l,2.0NRT,304.63,2.39,D
